place_id,business_name,trade,address,distance_mi,phone,website,maps_url,rating,reviews,primary_type,screen,screen_reasons
ChIJEQ6BLyiTOIgRVQbysrbssfM,"Peterman Brothers Heating, Cooling, Plumbing, and Electrical",hvac+plumbing,"5900 Sawmill Rd #210, Dublin, OH 43017, USA",1.4,(740) 201-9325,https://petermanhvac.com/?utm_source=gmb-columbus&utm_medium=organic,https://maps.google.com/?cid=17560076691524683349&g_mp=Cidnb29nbGUubWFwcy5wbGFjZXMudjEuUGxhY2VzLlNlYXJjaFRleHQQAhgEIAA,4.8,100,general_contractor,pass,
ChIJ1wo40pHtOIgRRGqnzVccPn8,Hilliard-Dublin,hvac+plumbing,"7243 Sawmill Rd #205B, Dublin, OH 43016, USA",1.6,(614) 344-6883,https://hilliarddublinheatingandair.com/,https://maps.google.com/?cid=9168797054810942020&g_mp=Cidnb29nbGUubWFwcy5wbGFjZXMudjEuUGxhY2VzLlNlYXJjaFRleHQQAhgEIAA,4.9,336,general_contractor,pass,
ChIJr8lWWUiTOIgRJvI_r84Y8o8,"Air Force One, Inc.",hvac+plumbing,"5800 Shier Rings Rd, Dublin, OH 43016, USA",1.6,(614) 889-0121,http://www.airforceone.com/,https://maps.google.com/?cid=10372380167770206758&g_mp=Cidnb29nbGUubWFwcy5wbGFjZXMudjEuUGxhY2VzLlNlYXJjaFRleHQQAhgEIAA,4.6,33,general_contractor,pass,
ChIJQ7GBxabtOIgR6bB9bSX81eo,Dublin Plumbing & Drain,plumbing,"7239 Sawmill Rd Ste 205B, Dublin, OH 43016, USA",1.6,(614) 540-3256,https://www.dublinplumbingdrain.com/,https://maps.google.com/?cid=16921708412595450089&g_mp=Cidnb29nbGUubWFwcy5wbGFjZXMudjEuUGxhY2VzLlNlYXJjaFRleHQQAhgEIAA,4.2,22,plumber,pass,
ChIJQU-oiyDtOIgRWzCszJz221Y,Trinity,hvac,"6200 Wilcox Rd, Dublin, OH 43016, USA",2.0,(614) 323-2064,https://www.trinityheatcool.com/,https://maps.google.com/?cid=6258867260470603867&g_mp=Cidnb29nbGUubWFwcy5wbGFjZXMudjEuUGxhY2VzLlNlYXJjaFRleHQQAhgEIAA,4.9,49,general_contractor,pass,
ChIJca-jvONcXWARYgfsManzxcQ,Right Way Heating & Cooling,hvac,"2933 Donnylane Blvd, Columbus, OH 43235, USA",2.4,(614) 751-0193,http://www.rightwayhvac.com/,https://maps.google.com/?cid=14179006909858449250&g_mp=Cidnb29nbGUubWFwcy5wbGFjZXMudjEuUGxhY2VzLlNlYXJjaFRleHQQAhgEIAA,4.9,452,general_contractor,pass,
ChIJtbnBpQDzOIgRmlx1M7q1VIM,Hemmelgarn Heating and Cooling Services,hvac,"7617 Sancroft Rd, Columbus, OH 43235, USA",2.5,(614) 365-0109,https://www.hemmelgarnhc.com/,https://maps.google.com/?cid=9463388528344128666&g_mp=Cidnb29nbGUubWFwcy5wbGFjZXMudjEuUGxhY2VzLlNlYXJjaFRleHQQAhgEIAA,5,10,general_contractor,pass,
ChIJMxeFvmePOIgR14P0MYM859U,Arrow Heating & Cooling,hvac,"6380 Nicholas Dr, Columbus, OH 43235, USA",2.9,(614) 229-4328,http://arrowhvac.com/,https://maps.google.com/?cid=15413354783875302359&g_mp=Cidnb29nbGUubWFwcy5wbGFjZXMudjEuUGxhY2VzLlNlYXJjaFRleHQQAhgEIAA,3.9,81,general_contractor,pass,
ChIJVVWl1JPyOIgRfgT7GZo-ZaI,Bella Plumbing,plumbing,"8400 Covered Wagon Ct, Powell, OH 43065, USA",3.4,(614) 622-4482,https://www.homeadvisor.com/rated.BellaPlumbing.22325380.html,https://maps.google.com/?cid=11701828038373868670&g_mp=Cidnb29nbGUubWFwcy5wbGFjZXMudjEuUGxhY2VzLlNlYXJjaFRleHQQAhgEIAA,4.8,110,plumber,pass,
ChIJxUVqBsmROIgRMTo8YOUUXY4,Chapman Drainage & Basement Repair,plumbing,"5553 Ballantrae Woods Dr, Dublin, OH 43016, USA",3.9,(614) 273-0429,https://www.chapmandrainage.com/,https://maps.google.com/?cid=10258378501614484017&g_mp=Cidnb29nbGUubWFwcy5wbGFjZXMudjEuUGxhY2VzLlNlYXJjaFRleHQQAhgEIAA,4.7,202,service,pass,
ChIJDYcYp8mTOIgRXw-WpkkdTRU,Old Hilliard Plumbing,hvac+plumbing,"4080 Anson Dr, Hilliard, OH 43026, USA",4.0,(614) 777-9320,https://oldhilliardplumbing.com/,https://maps.google.com/?cid=1534915250167877471&g_mp=Cidnb29nbGUubWFwcy5wbGFjZXMudjEuUGxhY2VzLlNlYXJjaFRleHQQAhgEIAA,4.5,54,plumber,pass,
ChIJdw3RhH7zOIgRJQK6E65wxTk,TropiCool Heating Air Conditioning Plumbing,hvac,"2541 Parkwood Ave #1f, Columbus, OH 43211, USA",4.2,(614) 219-9992,https://calltropicool.com/ac-repair/?utm_campaign=gmb,https://maps.google.com/?cid=4162857323531469349&g_mp=Cidnb29nbGUubWFwcy5wbGFjZXMudjEuUGxhY2VzLlNlYXJjaFRleHQQAhgEIAA,4.4,14,service,pass,
ChIJr1Iq3c6UOIgRqFrAzJhCrUQ,Accurate Plumbing,hvac+plumbing,"7595 Fishel Dr S, Dublin, OH 43016, USA",4.2,(614) 526-0131,http://www.accurateplumbinginc.com/,https://maps.google.com/?cid=4948684789587663528&g_mp=Cidnb29nbGUubWFwcy5wbGFjZXMudjEuUGxhY2VzLlNlYXJjaFRleHQQAhgEIAA,4.8,128,plumber,pass,
ChIJ25fNzumTOIgRSjJTUatIhBw,Metro Heating & Air Conditioning,hvac,"4731 Northwest Pkwy, Hilliard, OH 43026, USA",4.5,(614) 777-1237,http://www.metroheatingandair.com/,https://maps.google.com/?cid=2054847230628803146&g_mp=Cidnb29nbGUubWFwcy5wbGFjZXMudjEuUGxhY2VzLlNlYXJjaFRleHQQAhgEIAA,4.3,30,general_contractor,pass,
ChIJJygXrIvtOIgRQkhSgYVbTZM,Metro Comfort Systems Heating and Air Conditioning,hvac,"230 W Case St, Powell, OH 43065, USA",4.6,(614) 760-5883,http://hvacpowelloh.com/,https://maps.google.com/?cid=10614240525740558402&g_mp=Cidnb29nbGUubWFwcy5wbGFjZXMudjEuUGxhY2VzLlNlYXJjaFRleHQQAhgEIAA,4.8,149,general_contractor,pass,
ChIJM-H7nVSROIgRRV6pCJvfpAc,Affordable Professional Plumbing,hvac+plumbing,"3840 Lacon Rd #21, Hilliard, OH 43026, USA",4.8,(614) 802-9000,https://www.affordableprofessionalplumbing.com/,https://maps.google.com/?cid=550810911404285509&g_mp=Cidnb29nbGUubWFwcy5wbGFjZXMudjEuUGxhY2VzLlNlYXJjaFRleHQQAhgEIAA,4.9,615,plumber,pass,
ChIJMfqzDzuNOIgRsl2NGD1yCfU,Wolfe & Sons Heating & Cooling,hvac,"989C Old Henderson Rd, Columbus, OH 43220, USA",4.9,(614) 451-0846,https://www.callwolfeandsons.com/,https://maps.google.com/?cid=17656769420813229490&g_mp=Cidnb29nbGUubWFwcy5wbGFjZXMudjEuUGxhY2VzLlNlYXJjaFRleHQQAhgEIAA,4.8,36,general_contractor,pass,
ChIJr50L8NbrOIgRm0EpuSW0faI,Mr French Drain,plumbing,"8567 Frazier Dr, Plain City, OH 43064, USA",4.9,(614) 348-4903,https://mrfrenchdrain.com/,https://maps.google.com/?cid=11708712680346435995&g_mp=Cidnb29nbGUubWFwcy5wbGFjZXMudjEuUGxhY2VzLlNlYXJjaFRleHQQAhgEIAA,4.8,14,service,pass,
ChIJxSwH1MeNOIgRjToURPx62VA,Carrion Air,hvac,"951 N High St, Worthington, OH 43085, USA",5.1,(614) 975-2650,http://carrionair.com/,https://maps.google.com/?cid=5825822816872970893&g_mp=Cidnb29nbGUubWFwcy5wbGFjZXMudjEuUGxhY2VzLlNlYXJjaFRleHQQAhgEIAA,5,122,general_contractor,pass,
ChIJsfF0kjafQQARooTOzURP-fw,3 Brothers Heating and Cooling,hvac+plumbing,"3311 Leap Rd, Hilliard, OH 43026, USA",5.6,(614) 948-8972,https://3brothersheatingcooling.com/,https://maps.google.com/?cid=18228688123688027298&g_mp=Cidnb29nbGUubWFwcy5wbGFjZXMudjEuUGxhY2VzLlNlYXJjaFRleHQQAhgEIAA,5,179,general_contractor,pass,
ChIJ_3G8PYnzOIgRhLbB9yMHOkM,Emergency Plumbing Heating & Air,hvac+plumbing,"200 E Campus View Blvd, Columbus, OH 43235, USA",5.7,(740) 520-2336,http://www.emergencyplumbingheatingair.com/,https://maps.google.com/?cid=4844192200252307076&g_mp=Cidnb29nbGUubWFwcy5wbGFjZXMudjEuUGxhY2VzLlNlYXJjaFRleHQQAhgEIAA,5,81,general_contractor,pass,
ChIJ__8_b62MOIgRpu08h1soHLI,Water Heaters Plus,hvac+plumbing,"6330 Proprietors Rd Ste A, Worthington, OH 43085, USA",5.9,(614) 905-0195,https://www.waterheatersplus.cc/,https://maps.google.com/?cid=12834177411675123110&g_mp=Cidnb29nbGUubWFwcy5wbGFjZXMudjEuUGxhY2VzLlNlYXJjaFRleHQQAhgEIAA,4.9,581,plumber,pass,
ChIJL8yITlnzOIgRW1gx0SOhvSs,AireCom HVAC,hvac,"6171 Huntley Rd E, Columbus, OH 43229, USA",6.0,(614) 885-2473,https://www.airecomhvac.com/,https://maps.google.com/?cid=3151852489434814555&g_mp=Cidnb29nbGUubWFwcy5wbGFjZXMudjEuUGxhY2VzLlNlYXJjaFRleHQQAhgEIAA,4.6,61,general_contractor,pass,
ChIJjQqF5lPzOIgRPBGXx32zEzA,The Comfortworks,hvac,"550 Schrock Rd Ste b, Columbus, OH 43229, USA",6.1,(614) 232-2222,http://thecomfortworks.com/,https://maps.google.com/?cid=3464309891178893628&g_mp=Cidnb29nbGUubWFwcy5wbGFjZXMudjEuUGxhY2VzLlNlYXJjaFRleHQQAhgEIAA,4.3,11,general_contractor,pass,
ChIJL3t7qxeNOIgRZ14hhoEjUQE,"Hess Heating & Cooling, LLC",hvac,"788 Busch Ct, Columbus, OH 43229, USA",6.2,(614) 332-0766,http://www.hessheatingcooling.com/,https://maps.google.com/?cid=94896106359578215&g_mp=Cidnb29nbGUubWFwcy5wbGFjZXMudjEuUGxhY2VzLlNlYXJjaFRleHQQAhgEIAA,4.7,12,general_contractor,pass,
ChIJmRbqCenzOIgR-lqv6wBFB78,"Evolved Services - Plumbing, Electrical, HVAC",hvac+plumbing,"6740 Huntley Rd # G, Columbus, OH 43229, USA",6.2,(614) 285-4474,https://www.getevolvedservices.com/,https://maps.google.com/?cid=13765046656337664762&g_mp=Cidnb29nbGUubWFwcy5wbGFjZXMudjEuUGxhY2VzLlNlYXJjaFRleHQQAhgEIAA,4.5,100,plumber,pass,
ChIJnzbPwFbzOIgRcz-MngI9df8,Heartland Heating & Cooling LLC,hvac,"1121 Worthington Woods Blvd #31, Columbus, OH 43085, USA",6.8,(614) 450-2665,https://www.heartlandheating.org/,https://maps.google.com/?cid=18407686133405990771&g_mp=Cidnb29nbGUubWFwcy5wbGFjZXMudjEuUGxhY2VzLlNlYXJjaFRleHQQAhgEIAA,4.4,19,general_contractor,pass,
ChIJr6NObKMT-mIRSYQNf3Z2vBI,The Heating and Cooling Pro,hvac,"5475 Roche Dr, Columbus, OH 43229, USA",6.8,(614) 886-4024,https://theheatingandcoolingpro.com/,https://maps.google.com/?cid=1350084239614116937&g_mp=Cidnb29nbGUubWFwcy5wbGFjZXMudjEuUGxhY2VzLlNlYXJjaFRleHQQAhgEIAA,5,199,general_contractor,pass,
ChIJherTH5mROIgRU0cJaNgbuHs,"Custom Care Plumbing, Drains and Construction",plumbing,"3500 Millikin Ct Suite F, Columbus, OH 43228, USA",6.8,(614) 529-2273,https://www.ccgplumbing.com/,https://maps.google.com/?cid=8914906078652221267&g_mp=Cidnb29nbGUubWFwcy5wbGFjZXMudjEuUGxhY2VzLlNlYXJjaFRleHQQAhgEIAA,4.4,54,plumber,pass,
ChIJM88h41XzOIgR6DntphKGeYQ,H2R Plumbing Services LLC,hvac+plumbing,"746 Carle Ave, Lewis Center, OH 43035, USA",6.9,(614) 948-6611,https://h2rplumbing.com/,https://maps.google.com/?cid=9545808299856574952&g_mp=Cidnb29nbGUubWFwcy5wbGFjZXMudjEuUGxhY2VzLlNlYXJjaFRleHQQAhgEIAA,4.7,74,plumber,pass,
ChIJ6QhSEHqMOIgRfq0YiQPX2AY,Quality Air Heating and Air Conditioning,hvac,"4060 Indianola Ave, Columbus, OH 43214, USA",7.0,(614) 262-1818,http://qualityairandheat.com/?utm_source=GMB&utm_medium=GMBlisting,https://maps.google.com/?cid=493380569382038910&g_mp=Cidnb29nbGUubWFwcy5wbGFjZXMudjEuUGxhY2VzLlNlYXJjaFRleHQQAhgEIAA,4.7,134,general_contractor,pass,
ChIJwww77TmROIgRqparFoV4C0M,American Air Heating Cooling Electric & Plumbing,hvac+plumbing,"2490 Hilliard Rome Rd, Hilliard, OH 43026, USA",7.1,(614) 851-0099,https://americanairheating.com/?utm_source=google_profile&utm_campaign=localo&utm_medium=mainlink,https://maps.google.com/?cid=4831087538291316394&g_mp=Cidnb29nbGUubWFwcy5wbGFjZXMudjEuUGxhY2VzLlNlYXJjaFRleHQQAhgEIAA,4.8,681,general_contractor,pass,
ChIJjfjr0y6NOIgRXaOTrLLcHZg,Northland Heating & Air Conditioning,hvac,"694 Moon Rd, Columbus, OH 43224, USA",7.4,(614) 268-3933,https://hvacnorthland.com/,https://maps.google.com/?cid=10961159728047301469&g_mp=Cidnb29nbGUubWFwcy5wbGFjZXMudjEuUGxhY2VzLlNlYXJjaFRleHQQAhgEIAA,4.9,284,general_contractor,pass,
ChIJmV90wXb0OIgRmjr8zuufJyU,Polaris Heating and Cooling,hvac,"1121 Pebble Brook Dr, Columbus, OH 43240, USA",7.5,(614) 636-0550,http://www.polarisheatingandcooling.com/,https://maps.google.com/?cid=2677284338633816730&g_mp=Cidnb29nbGUubWFwcy5wbGFjZXMudjEuUGxhY2VzLlNlYXJjaFRleHQQAhgEIAA,5,51,general_contractor,pass,
ChIJT1TLwhiLOIgRy7_uZ5zwEmE,AK HEATING & AIR CONDITIONING SERVICES,hvac,"5615 Rocky Pine Loop N, Columbus, OH 43229, USA",7.6,(614) 373-3823,https://akindoorairservices.com/,https://maps.google.com/?cid=6994917725809065931&g_mp=Cidnb29nbGUubWFwcy5wbGFjZXMudjEuUGxhY2VzLlNlYXJjaFRleHQQAhgEIAA,5,160,general_contractor,pass,
ChIJwdcFWqCOOIgRDVMf6JMo9-w,"Aire-Flo Heating, Cooling & Generators",hvac,"2587 N High St, Columbus, OH 43202, USA",7.9,(614) 585-8944,https://aire-flo.com/?utm_source=GBP&utm_medium=GBP&utm_campaign=GBP,https://maps.google.com/?cid=17075161127918195469&g_mp=Cidnb29nbGUubWFwcy5wbGFjZXMudjEuUGxhY2VzLlNlYXJjaFRleHQQAhgEIAA,4.8,444,general_contractor,pass,
ChIJa5Uis6K_OIgRwKbEaV4Stx4,Foust Plumbing & Heating,hvac+plumbing,"321 W Bigelow Ave Ste 200, Plain City, OH 43064, USA",8.3,(614) 367-5013,http://www.foustplumbingandheating.com/,https://maps.google.com/?cid=2213257938586609344&g_mp=Cidnb29nbGUubWFwcy5wbGFjZXMudjEuUGxhY2VzLlNlYXJjaFRleHQQAhgEIAA,5,523,plumber,pass,
ChIJITKqUO6_OIgRRqV2T9fiWu0,McCoy Heating and Air Conditioning,hvac,"231 Friend St, Plain City, OH 43064, USA",8.3,(614) 504-5911,http://mccoyheatingandair.com/,https://maps.google.com/?cid=17103231949271901510&g_mp=Cidnb29nbGUubWFwcy5wbGFjZXMudjEuUGxhY2VzLlNlYXJjaFRleHQQAhgEIAA,4.8,36,general_contractor,pass,
ChIJPw9--fWOOIgRK4UYj52U3uQ,"Muetzel Plumbing, Heating & Cooling",hvac+plumbing,"1661 Kenny Rd, Columbus, OH 43212, USA",8.4,(380) 246-8052,https://muetzel.com/?utm_source=google&utm_medium=organic&utm_campaign=gmb,https://maps.google.com/?cid=16491782289908860203&g_mp=Cidnb29nbGUubWFwcy5wbGFjZXMudjEuUGxhY2VzLlNlYXJjaFRleHQQAhgEIAA,4.4,81,plumber,pass,
ChIJUf4NBKaROIgR5s0E_GU0ah4,Bedrock Plumbing & Drain Cleaning,plumbing,"3905 Business Park Dr, Columbus, OH 43204, USA",8.5,(614) 705-2041,https://bedrockplumbersoh.com/,https://maps.google.com/?cid=2191621781293682150&g_mp=Cidnb29nbGUubWFwcy5wbGFjZXMudjEuUGxhY2VzLlNlYXJjaFRleHQQAhgEIAA,5,15,plumber,pass,
ChIJRbtF_6X1OIgR2qSJa1UErFU,"Inspired Heating & Cooling, Electric, Roofing, Repair LLC",hvac,"1425 Community Park Dr, Columbus, OH 43229, USA",8.6,(614) 530-6003,https://inspiredheatingandcooling.com/,https://maps.google.com/?cid=6173313954141021402&g_mp=Cidnb29nbGUubWFwcy5wbGFjZXMudjEuUGxhY2VzLlNlYXJjaFRleHQQAhgEIAA,5,18,general_contractor,pass,
ChIJkeCkTIeD2wIRX5lBdad94wg,Firefly Heating and Cooling,hvac,"1190 Gabrielle Elaine Dr, Columbus, OH 43228, USA",8.8,(614) 363-9941,http://fireflyheatingandcooling.com/?utm_source=gmb&utm_medium=referral,https://maps.google.com/?cid=640493730196986207&g_mp=Cidnb29nbGUubWFwcy5wbGFjZXMudjEuUGxhY2VzLlNlYXJjaFRleHQQAhgEIAA,4.9,27,general_contractor,pass,
ChIJHXq6h42POIgROsHYg8s_pL8,TRUSTY SEWER & DRAIN,plumbing,"1456 Delashmut Ave, Columbus, OH 43212, USA",8.8,(614) 321-8700,https://www.calltrusty.com/,https://maps.google.com/?cid=13809232500747714874&g_mp=Cidnb29nbGUubWFwcy5wbGFjZXMudjEuUGxhY2VzLlNlYXJjaFRleHQQAhgEIAA,5,18,plumber,pass,
ChIJi6ba95y9skARSPXCKiwYVWE,Kendawgs Heating & Cooling,hvac,"2840 Fisher Rd Ste E, Columbus, OH 43204, USA",8.9,(614) 836-8188,https://www.kdhvacair.com/?utm_source=google&utm_medium=organic&utm_campaign=GMB,https://maps.google.com/?cid=7013538572674463048&g_mp=Cidnb29nbGUubWFwcy5wbGFjZXMudjEuUGxhY2VzLlNlYXJjaFRleHQQAhgEIAA,4.9,76,general_contractor,pass,
ChIJURfmwsqPOIgRdcRrdANdbZw,Favret Heating & Cooling,hvac,"1296 Dublin Rd, Columbus, OH 43215, USA",8.9,(614) 488-5211,https://favret.com/?utm_source=google&utm_medium=organic&utm_campaign=gbp,https://maps.google.com/?cid=11271767711797724277&g_mp=Cidnb29nbGUubWFwcy5wbGFjZXMudjEuUGxhY2VzLlNlYXJjaFRleHQQAhgEIAA,4.7,597,general_contractor,pass,
ChIJJT8G7bCOOIgRhIa7bdAOahQ,McDermott Plumbing,plumbing,"227 E 18th Ave, Columbus, OH 43201, USA",8.9,(614) 664-3439,https://www.mcdermottplumbingservices.com/,https://maps.google.com/?cid=1471004516646880900&g_mp=Cidnb29nbGUubWFwcy5wbGFjZXMudjEuUGxhY2VzLlNlYXJjaFRleHQQAhgEIAA,4.2,18,plumber,pass,
ChIJFXPO-AGMOIgRURfTjnXWLrg,Columbus Heating & Cooling,hvac,"18 E 12th Ave, Columbus, OH 43201, USA",9.1,(380) 268-8853,https://www.columbus-hvac.com/,https://maps.google.com/?cid=13271780952303146833&g_mp=Cidnb29nbGUubWFwcy5wbGFjZXMudjEuUGxhY2VzLlNlYXJjaFRleHQQAhgEIAA,4.7,46,general_contractor,pass,
ChIJ79D1doSROIgRstbB5WCnTOo,"All-Knight, Inc.",hvac,"735 N Wilson Rd, Columbus, OH 43204, USA",9.1,(614) 771-9902,https://allknighthvac.com/,https://maps.google.com/?cid=16883053137718531762&g_mp=Cidnb29nbGUubWFwcy5wbGFjZXMudjEuUGxhY2VzLlNlYXJjaFRleHQQAhgEIAA,4.7,65,general_contractor,pass,
ChIJGc5cE7qp50IR6Ee845q0hkQ,Thermo Pros,hvac,"1320 Aberdeen Ave, Columbus, OH 43211, USA",9.1,(614) 581-5743,http://thermoprocomfort.com/,https://maps.google.com/?cid=4937832618797058024&g_mp=Cidnb29nbGUubWFwcy5wbGFjZXMudjEuUGxhY2VzLlNlYXJjaFRleHQQAhgEIAA,5,355,general_contractor,pass,
ChIJB7WJXEWPOIgRlZO01B3HLuU,"J. Blanton Plumbing, Sewer & Drain",plumbing,"1387 Goodale Blvd, Columbus, OH 43212, USA",9.3,(614) 547-6516,https://jblantonplumbing.com/columbus,https://maps.google.com/?cid=16514355814550770581&g_mp=Cidnb29nbGUubWFwcy5wbGFjZXMudjEuUGxhY2VzLlNlYXJjaFRleHQQAhgEIAA,4.8,58,plumber,pass,
ChIJHZVogA5GN4gR57rFe0Yt7Xw,Sewer Pro,plumbing,"2080 Britains Ln, Columbus, OH 43224, USA",9.3,(614) 482-2672,https://www.sewerprodrains.com/?utm_source=google&utm_medium=gbp&utm_campaign=maps,https://maps.google.com/?cid=9001901010931006183&g_mp=Cidnb29nbGUubWFwcy5wbGFjZXMudjEuUGxhY2VzLlNlYXJjaFRleHQQAhgEIAA,5,227,service,pass,
ChIJaw2RfTePOIgRzl8tkNI7ogU,Allegiant Plumbing Services,plumbing,"2235 McKinley Ave, Columbus, OH 43204, USA",9.4,(614) 824-5002,https://allegiantplumbing.com/,https://maps.google.com/?cid=405952691964829646&g_mp=Cidnb29nbGUubWFwcy5wbGFjZXMudjEuUGxhY2VzLlNlYXJjaFRleHQQAhgEIAA,4.8,129,plumber,pass,
ChIJOWnook95gEMRiYtH0dyaGMk,The Local Plumber LLC,plumbing,"461 Industry Dr, Columbus, OH 43204, USA",9.5,(614) 230-6086,http://localplumbercolumbus.com/,https://maps.google.com/?cid=14490502074259180425&g_mp=Cidnb29nbGUubWFwcy5wbGFjZXMudjEuUGxhY2VzLlNlYXJjaFRleHQQAhgEIAA,5,402,plumber,pass,
ChIJwyXS10P1OIgR9sJ2LnirDnI,The Drainworks,plumbing,"194 Cornell Ct, Westerville, OH 43081, USA",9.5,(614) 890-7674,http://www.thedrainworks.com/,https://maps.google.com/?cid=8218694902661694198&g_mp=Cidnb29nbGUubWFwcy5wbGFjZXMudjEuUGxhY2VzLlNlYXJjaFRleHQQAhgEIAA,4.8,47,plumber,pass,
ChIJDamawWFeOIgRTDk0qxldaNs,Westin Air Heating and Cooling - Westerville Ohio,hvac,"670 Meridian Way #194, Westerville, OH 43082, USA",9.6,(614) 794-1259,https://www.westinair.com/,https://maps.google.com/?cid=15809988856712018252&g_mp=Cidnb29nbGUubWFwcy5wbGFjZXMudjEuUGxhY2VzLlNlYXJjaFRleHQQAhgEIAA,4.9,255,general_contractor,pass,
ChIJDcwfSEmJOIgR_p62ATzuTAs,Ohio Heating,hvac,"1624 Clara St, Columbus, OH 43211, USA",9.7,(614) 863-6666,https://www.ohheating.com/,https://maps.google.com/?cid=814287574141411070&g_mp=Cidnb29nbGUubWFwcy5wbGFjZXMudjEuUGxhY2VzLlNlYXJjaFRleHQQAhgEIAA,4.3,167,general_contractor,pass,
ChIJq6p6W6WWOIgRyhYzZNIE5Yo,Clingman,hvac,"8875 Patterson Rd, Hilliard, OH 43026, USA",9.8,(614) 282-5421,http://www.clingmanhvac.com/,https://maps.google.com/?cid=10008411048571508426&g_mp=Cidnb29nbGUubWFwcy5wbGFjZXMudjEuUGxhY2VzLlNlYXJjaFRleHQQAhgEIAA,5,46,general_contractor,pass,
ChIJn-fIGTD1OIgRZRd3yS7FlMU,Westerville,hvac,"279 N State St Suite# 201, Westerville, OH 43081, USA",9.8,(614) 344-6906,https://www.westervilleair.com/,https://maps.google.com/?cid=14237221126764173157&g_mp=Cidnb29nbGUubWFwcy5wbGFjZXMudjEuUGxhY2VzLlNlYXJjaFRleHQQAhgEIAA,4.9,301,general_contractor,pass,
ChIJ6zJiVPz1OIgR9esIg4mmn8U,Westerville Plumbing & Drain,plumbing,"285 N State St Ste 204, Westerville, OH 43081, USA",9.8,(614) 540-3506,https://www.westervilleplumbingdrain.com/,https://maps.google.com/?cid=14240283656307928053&g_mp=Cidnb29nbGUubWFwcy5wbGFjZXMudjEuUGxhY2VzLlNlYXJjaFRleHQQAhgEIAA,4.8,177,plumber,pass,
ChIJa2di5fGKOIgRdo989yaL5AI,Classic Air,hvac,"5180 Westerville Rd, Columbus, OH 43231, USA",9.9,(614) 476-1732,https://www.classicairinc.com/?utm_source=google&utm_medium=organic&utm_campaign=gbp-profile,https://maps.google.com/?cid=208444482243039094&g_mp=Cidnb29nbGUubWFwcy5wbGFjZXMudjEuUGxhY2VzLlNlYXJjaFRleHQQAhgEIAA,4.9,642,general_contractor,pass,
ChIJb0baInCJOIgRdjnm9_Dkn6A,Comfort Crew,hvac,"600 Shoemaker Ave Unit 4, Columbus, OH 43201, USA",10.1,(614) 202-6061,http://www.comfortcrewohio.com/,https://maps.google.com/?cid=11574221290967808374&g_mp=Cidnb29nbGUubWFwcy5wbGFjZXMudjEuUGxhY2VzLlNlYXJjaFRleHQQAhgEIAA,4.9,167,general_contractor,pass,
ChIJVy0e8_tLawwR5MHoXsiR0DY,TRANSIT & FLOW,plumbing,"875 N High St Ste 414, Columbus, OH 43215, USA",10.1,(614) 333-8092,https://www.transitflowplumbing.com/,https://maps.google.com/?cid=3949817162975724004&g_mp=Cidnb29nbGUubWFwcy5wbGFjZXMudjEuUGxhY2VzLlNlYXJjaFRleHQQAhgEIAA,4.8,115,plumber,pass,
ChIJc6R3W0f1OIgR16ZMTk8y3kg,Drainbusters,plumbing,"275 Old County Line Rd Q, Westerville, OH 43081, USA",10.3,(614) 332-1277,http://drainbusters1.com/,https://maps.google.com/?cid=5250689531758028503&g_mp=Cidnb29nbGUubWFwcy5wbGFjZXMudjEuUGxhY2VzLlNlYXJjaFRleHQQAhgEIAA,4.8,83,service,pass,
ChIJpX1f0sP1OIgRBUgx54RlEFs,Uptown Heating and Cooling,hvac,"288 E Broadway Ave, Westerville, OH 43081, USA",10.4,(614) 392-6050,http://www.uptownhvac.com/,https://maps.google.com/?cid=6561856278567667717&g_mp=Cidnb29nbGUubWFwcy5wbGFjZXMudjEuUGxhY2VzLlNlYXJjaFRleHQQAhgEIAA,4.9,291,service,pass,
ChIJ9dmkecH3OIgRJsj3UBokS2g,DRS Heating & Cooling,hvac,"960 E 5th Ave Ste 301, Columbus, OH 43201, USA",10.6,(614) 375-2665,https://www.drshvac.com/,https://maps.google.com/?cid=7515140098643970086&g_mp=Cidnb29nbGUubWFwcy5wbGFjZXMudjEuUGxhY2VzLlNlYXJjaFRleHQQAhgEIAA,5,69,general_contractor,pass,
ChIJARrqyHuGOIgRA8HR9hYMAD8,Legacy Heating and Cooling,hvac,"1080 Gibbard Ave, Columbus, OH 43201, USA",10.8,(740) 272-4757,https://legacyohio.com/?utm_source=GMB&utm_medium=organic&utm_campaign=columbus,https://maps.google.com/?cid=4539641717159215363&g_mp=Cidnb29nbGUubWFwcy5wbGFjZXMudjEuUGxhY2VzLlNlYXJjaFRleHQQAhgEIAA,4.9,154,general_contractor,pass,
ChIJiQvyTXCPOIgRSR0OQk8T0-0,SewerQuest Drain Cleaning,plumbing,"1082 W Mound St, Columbus, OH 43223, USA",11.4,(614) 228-1775,http://www.sewerquest.com/,https://maps.google.com/?cid=17137062238206434633&g_mp=Cidnb29nbGUubWFwcy5wbGFjZXMudjEuUGxhY2VzLlNlYXJjaFRleHQQAhgEIAA,4.8,231,plumber,pass,
ChIJIXriLU2bOIgRhDJRn1KBYfM,Mendez Plumbing Service LLC,plumbing,"5073 Sanderson Dr, Columbus, OH 43228, USA",11.5,(614) 902-6993,https://mendezplubmbingservicellc.com/,https://maps.google.com/?cid=17537440615817622148&g_mp=Cidnb29nbGUubWFwcy5wbGFjZXMudjEuUGxhY2VzLlNlYXJjaFRleHQQAhgEIAA,4.9,47,plumber,pass,
ChIJKz2Yf4NfOIgRgJUFxXv6JaY,Only Drains,plumbing,"106 Nicole Dr, Westerville, OH 43081, USA",11.5,(614) 901-3470,https://www.onlydrainscbus.com/,https://maps.google.com/?cid=11972250593927730560&g_mp=Cidnb29nbGUubWFwcy5wbGFjZXMudjEuUGxhY2VzLlNlYXJjaFRleHQQAhgEIAA,4.7,41,plumber,pass,
ChIJedIDRmGFOIgR8R7f4vuSIRU,CPR Drain Cleaning,plumbing,"2168 Eakin Rd, Columbus, OH 43223, USA",11.8,(614) 279-3445,https://www.cprdraincleaningoh.com/,https://maps.google.com/?cid=1522659759568658161&g_mp=Cidnb29nbGUubWFwcy5wbGFjZXMudjEuUGxhY2VzLlNlYXJjaFRleHQQAhgEIAA,4.5,139,plumber,pass,
ChIJJUAbeA1hOIgRpXDPBslKYwo,ProView Remodeling,plumbing,"37 W Bridge St Ste 203, Dublin, OH 43017, USA",0.0,(614) 683-5350,https://proviewremodeling.com/columbus-oh/?utm_campaign=gmb,https://maps.google.com/?cid=748524190336774309&g_mp=Cidnb29nbGUubWFwcy5wbGFjZXMudjEuUGxhY2VzLlNlYXJjaFRleHQQAhgEIAA,4.7,15,general_contractor,fail,not clearly HVAC/plumbing
ChIJN3HrlW58OIgRn42T6AIf_Qw,A-Ace Septic Tank Sewer-Drain,plumbing,"Dublin, OH 43017, USA",0.0,(614) 889-5841,,https://maps.google.com/?cid=935938394915311007&g_mp=Cidnb29nbGUubWFwcy5wbGFjZXMudjEuUGxhY2VzLlNlYXJjaFRleHQQAhgEIAA,3,5,service,fail,too few reviews; low rating; no website; adjacent trade
ChIJ8_6v-gLAOIgRN5mOSSFPwgI,"R & T Yoder HVAC, Inc - Dublin",hvac+plumbing,"25 North St Ste 117C, Dublin, OH 43017, USA",0.1,(614) 873-5694,https://rtyoder.com/heating-and-cooling-dublin-ohio,https://maps.google.com/?cid=198808337944320311&g_mp=Cidnb29nbGUubWFwcy5wbGFjZXMudjEuUGxhY2VzLlNlYXJjaFRleHQQAhgEIAA,5,54,general_contractor,fail,franchise/national brand
ChIJseF9xPiTOIgRx3nh7CunSIc,"R & T Yoder Electric, Inc - Dublin",hvac+plumbing,"25 North St Ste 117, Dublin, OH 43017, USA",0.1,(614) 412-4409,https://www.rtyoder.com/electrician-dublin-ohio/,https://maps.google.com/?cid=9748225200543070663&g_mp=Cidnb29nbGUubWFwcy5wbGFjZXMudjEuUGxhY2VzLlNlYXJjaFRleHQQAhgEIAA,4.9,220,electrician,fail,franchise/national brand; not clearly HVAC/plumbing; category: electrician
ChIJLacf2LwB2YgRnmKHhggFpyI,"R & T Yoder Plumbing, Inc - Dublin",hvac+plumbing,"25 North St Ste 117B, Dublin, OH 43017, USA",0.1,(614) 756-4822,https://www.rtyoder.com/plumber-dublin-ohio/,https://maps.google.com/?cid=2496970052575126174&g_mp=Cidnb29nbGUubWFwcy5wbGFjZXMudjEuUGxhY2VzLlNlYXJjaFRleHQQAhgEIAA,4.8,39,plumber,fail,franchise/national brand
ChIJMfiLiW2TOIgREnbHvjyGy4w,RoofNut,hvac,"25 North St, Dublin, OH 43017, USA",0.1,(614) 505-9605,https://roofnut.co/,https://maps.google.com/?cid=10145350181039076882&g_mp=Cidnb29nbGUubWFwcy5wbGFjZXMudjEuUGxhY2VzLlNlYXJjaFRleHQQAhgEIAA,5,13,roofing_contractor,fail,not clearly HVAC/plumbing; category: roofing_contractor
ChIJk7x-nMRPOIgR5vLJqXBBcy8,Clean Air Pros,hvac,"6605 Longshore St Ste 240, Dublin, OH 43017, USA",0.3,(614) 924-0003,http://www.ohioductcleaning.com/,https://maps.google.com/?cid=3419148494245065446&g_mp=Cidnb29nbGUubWFwcy5wbGFjZXMudjEuUGxhY2VzLlNlYXJjaFRleHQQAhgEIAA,4.9,453,service,fail,adjacent trade
ChIJvQWTjtOTOIgRHU9gW-hvxj8,handyman Services of Dublin Oh,plumbing,"6605 Longshore St #19, Dublin, OH 43017, USA",0.3,,https://www.handymanservicesdublinoh.com/,https://maps.google.com/?cid=4595483513534304029&g_mp=Cidnb29nbGUubWFwcy5wbGFjZXMudjEuUGxhY2VzLlNlYXJjaFRleHQQAhgEIAA,0,0,general_contractor,fail,too few reviews; not clearly HVAC/plumbing
ChIJwxhAjtWSOIgRAQ0leAGIYUQ,CBUS Mechanical,hvac,"715 Shawan Falls Dr, Dublin, OH 43017, USA",0.4,(614) 699-1167,https://cbusmechanical.com/contact/,https://maps.google.com/?cid=4927369007212072193&g_mp=Cidnb29nbGUubWFwcy5wbGFjZXMudjEuUGxhY2VzLlNlYXJjaFRleHQQAhgEIAA,5,1,service,fail,too few reviews
ChIJTxZ3qpl7y0MRdswxZTFpteY,TruBlue of Northwest Columbus,plumbing,"715 Shawan Falls Dr #3, Dublin, OH 43017, USA",0.4,(614) 585-2783,https://www.trublueally.com/northwest-columbus,https://maps.google.com/?cid=16624309260380130422&g_mp=Cidnb29nbGUubWFwcy5wbGFjZXMudjEuUGxhY2VzLlNlYXJjaFRleHQQAhgEIAA,5,6,general_contractor,fail,too few reviews; not clearly HVAC/plumbing
ChIJVUrbzjPtOIgRCq9Q0Y7EHew,EZ-Integration,hvac,"4432 Tuller Rd, Dublin, OH 43017, USA",0.7,(614) 495-3700,https://www.ez-integration.com/?utm_source=gbp&utm_medium=organic&utm_campaign=gbp-listing,https://maps.google.com/?cid=17013971084951727882&g_mp=Cidnb29nbGUubWFwcy5wbGFjZXMudjEuUGxhY2VzLlNlYXJjaFRleHQQAhgEIAA,5,11,manufacturer,fail,not clearly HVAC/plumbing; category: manufacturer
ChIJNxsMctuTOIgRee25JQU_j3E,Able custom plumbing,plumbing,"6690 Canaan Cir Suite 2, Dublin, OH 43017, USA",0.7,(614) 889-8880,https://www.ablecustomplumbing.com/,https://maps.google.com/?cid=8182828339295808889&g_mp=Cidnb29nbGUubWFwcy5wbGFjZXMudjEuUGxhY2VzLlNlYXJjaFRleHQQAhgEIAA,0,0,plumber,fail,too few reviews
ChIJEUv8vJiTOIgRlN9JCmhx3ac,"Apex Pros Plumbing, Electrical, Heating and Air",hvac+plumbing,"4300 Tuller Rd, Dublin, OH 43017, USA",0.8,(614) 350-3923,https://apexpros.com/dublin-oh/,https://maps.google.com/?cid=12095948865850171284&g_mp=Cidnb29nbGUubWFwcy5wbGFjZXMudjEuUGxhY2VzLlNlYXJjaFRleHQQAhgEIAA,4.8,1588,plumber,fail,likely too large
ChIJA4ffP1qTOIgRIEMqkT94FCQ,Brewer-Garrett Co,hvac,"6037 Frantz Rd, Dublin, OH 43017, USA",0.8,(614) 360-9021,https://www.brewer-garrett.com/,https://maps.google.com/?cid=2599835099313357600&g_mp=Cidnb29nbGUubWFwcy5wbGFjZXMudjEuUGxhY2VzLlNlYXJjaFRleHQQAhgEIAA,0,0,general_contractor,fail,too few reviews; not clearly HVAC/plumbing
ChIJBdxkoC6TOIgRCZwf0UJDPLQ,Hubbs Heating & Air,hvac,"545 Metro Pl S Suite 100, Dublin, OH 43017, USA",1.1,(614) 999-3082,https://www.hubbsheating.com/,https://maps.google.com/?cid=12987329379685080073&g_mp=Cidnb29nbGUubWFwcy5wbGFjZXMudjEuUGxhY2VzLlNlYXJjaFRleHQQAhgEIAA,4.5,6,general_contractor,fail,too few reviews
ChIJE0RJKSWTOIgRQv98VOkxrbc,Sirus Construction & Management Inc.,plumbing,"545 Metro Pl S Suite 100, Dublin, OH 43017, USA",1.1,(614) 966-8800,http://www.thesirus.com/,https://maps.google.com/?cid=13235289758126374722&g_mp=Cidnb29nbGUubWFwcy5wbGFjZXMudjEuUGxhY2VzLlNlYXJjaFRleHQQAhgEIAA,5,33,service,fail,not clearly HVAC/plumbing
ChIJFU2BX_yTOIgR1mumofkmCD8,Johnson Controls - Shamrock Office,hvac,"6200 Shamrock Ct, Dublin, OH 43016, USA",1.3,(800) 289-2647,https://www.johnsoncontrols.com/,https://maps.google.com/?cid=4541923077803895766&g_mp=Cidnb29nbGUubWFwcy5wbGFjZXMudjEuUGxhY2VzLlNlYXJjaFRleHQQAhgEIAA,3.7,3,general_contractor,fail,too few reviews; low rating; not clearly HVAC/plumbing
ChIJo_RBrCWTOIgRKNcJnXNOCok,Pepper Construction of Columbus,plumbing,"5185 Blazer Pkwy #101, Dublin, OH 43017, USA",1.3,(614) 793-4477,https://www.pepperconstruction.com/pepper-ohio,https://maps.google.com/?cid=9874791391426107176&g_mp=Cidnb29nbGUubWFwcy5wbGFjZXMudjEuUGxhY2VzLlNlYXJjaFRleHQQAhgEIAA,3.4,10,service,fail,low rating; not clearly HVAC/plumbing
ChIJfcV5z2CTOIgRfTQcBDaP-_A,Dor-Mar Dublin Heating Cooling Plumbing Electrical Appliances Radon,hvac+plumbing,"6543 Commerce Pkwy D, Dublin, OH 43017, USA",1.5,(614) 545-8939,https://www.dormarhvac.com/locations/franklin-county/dublin/,https://maps.google.com/?cid=17364630250417042557&g_mp=Cidnb29nbGUubWFwcy5wbGFjZXMudjEuUGxhY2VzLlNlYXJjaFRleHQQAhgEIAA,4.9,191,general_contractor,fail,multi-location site
ChIJqSrbf9GSOIgREij6HSf650U,Furnace Guys,hvac,"Dublin, OH 43017, USA",1.5,(614) 874-6864,,https://maps.google.com/?cid=5037269754150791186&g_mp=Cidnb29nbGUubWFwcy5wbGFjZXMudjEuUGxhY2VzLlNlYXJjaFRleHQQAhgEIAA,5,8,general_contractor,fail,too few reviews; no website
ChIJZ04zrT2TOIgR_axsMt6Y3mE,Univar Solutions,hvac,"6000 Parkwood Pl, Dublin, OH 43016, USA",1.5,(800) 531-7106,https://www.univarsolutions.com/,https://maps.google.com/?cid=7052242146604920061&g_mp=Cidnb29nbGUubWFwcy5wbGFjZXMudjEuUGxhY2VzLlNlYXJjaFRleHQQAhgEIAA,4.2,13,supplier,fail,franchise/national brand; not clearly HVAC/plumbing; category: supplier
ChIJA9sKW52TOIgRp-XdGUAJ7gE,Roto-Rooter Plumbing & Water Cleanup,plumbing,"5650 Blazer Pkwy, Dublin, OH 43017, USA",1.5,(614) 305-1076,https://www.rotorooter.com/dublinoh/?utm_source=Google&utm_medium=organic&utm_campaign=gmb&utm_content=website,https://maps.google.com/?cid=139058809411593639&g_mp=Cidnb29nbGUubWFwcy5wbGFjZXMudjEuUGxhY2VzLlNlYXJjaFRleHQQAhgEIAA,4.8,1687,plumber,fail,franchise/national brand; likely too large
ChIJk-bc8UCTOIgRhVXB7MJkxhE,Custom Air Conditioning and Heating Co.,hvac,"5800 Shier Rings Rd Ste B, Dublin, OH 43016, USA",1.6,(614) 892-7877,https://www.customairco.com/service-area/air-conditioning-heating-dublin-oh?utm_source=google&utm_medium=organic&utm_campaign=GBPListing-Dublin-OH,https://maps.google.com/?cid=1280821932392011141&g_mp=Cidnb29nbGUubWFwcy5wbGFjZXMudjEuUGxhY2VzLlNlYXJjaFRleHQQAhgEIAA,5,18,service,fail,multi-location site
ChIJv4rleN2TOIgRocqdUvVLaII,CMS Controls,hvac,"5800 Shier Rings Rd Ste C, Dublin, OH 43016, USA",1.6,(866) 338-3530,https://www.ohio.cms-controls.com/,https://maps.google.com/?cid=9396844139533683361&g_mp=Cidnb29nbGUubWFwcy5wbGFjZXMudjEuUGxhY2VzLlNlYXJjaFRleHQQAhgEIAA,0,0,general_contractor,fail,too few reviews; not clearly HVAC/plumbing
ChIJS8WNAAGJOIgRwnLtZ8s4_z8,Delmar Heating and Cooling,hvac,"5500 Glendon Ct, Dublin, OH 43016, USA",1.7,,,https://maps.google.com/?cid=4611466989723808450&g_mp=Cidnb29nbGUubWFwcy5wbGFjZXMudjEuUGxhY2VzLlNlYXJjaFRleHQQAhgEIAA,4,3,general_contractor,fail,too few reviews; no website
ChIJK9Yyp1DtOIgRNNOTzX1DEhU,TemperaturePro Columbus,hvac,"2604 Billingsley Rd, Columbus, OH 43235, USA",1.8,(614) 389-3283,https://temperatureprocolumbus.com/?utm_source=google&utm_medium=organic&utm_campaign=gbp,https://maps.google.com/?cid=1518350231976268596&g_mp=Cidnb29nbGUubWFwcy5wbGFjZXMudjEuUGxhY2VzLlNlYXJjaFRleHQQAhgEIAA,4.9,204,general_contractor,fail,franchise/national brand
ChIJsU6Nh6aROIgR_YQQaw0ErfI,"Ruscilli Construction Co., LLC",hvac,"5815 Wall St, Dublin, OH 43017, USA",1.8,(614) 876-9484,https://www.ruscilli.com/,https://maps.google.com/?cid=17486637383826834685&g_mp=Cidnb29nbGUubWFwcy5wbGFjZXMudjEuUGxhY2VzLlNlYXJjaFRleHQQAhgEIAA,3.3,21,general_contractor,fail,low rating; not clearly HVAC/plumbing
ChIJe6DkH0WTOIgRdpVZOyoBiFQ,VMP Engineering,plumbing,"6225 Emerald Pkwy, Dublin, OH 43016, USA",1.8,(614) 408-3862,http://www.vmpengineering.com/,https://maps.google.com/?cid=6091119776914576758&g_mp=Cidnb29nbGUubWFwcy5wbGFjZXMudjEuUGxhY2VzLlNlYXJjaFRleHQQAhgEIAA,4,4,service,fail,too few reviews; not clearly HVAC/plumbing
ChIJYbczHc-TOIgRiJsrQ-S_N6Y,Columbus installation & Repair,plumbing,"3252 W Case Rd, Dublin, OH 43017, USA",1.9,(614) 515-9989,,https://maps.google.com/?cid=11977252721115503496&g_mp=Cidnb29nbGUubWFwcy5wbGFjZXMudjEuUGxhY2VzLlNlYXJjaFRleHQQAhgEIAA,5,17,service,fail,no website
ChIJFeHSiwCTOIgRTCiTGT14VlM,Sears Appliance Repair,hvac,"5053 Tuttle Crossing Blvd, Dublin, OH 43016, USA",2.0,(614) 702-2527,https://www.searshomeservices.com/locations/oh/dublin/sears-appliance-repair/5053-tuttle-crossing-blvd?utm_source=GMBlisting&utm_medium=organic&utm_campaign=GMBinhomerepair&SID=1033550&phone=6147022527,https://maps.google.com/?cid=6005119356962547788&g_mp=Cidnb29nbGUubWFwcy5wbGFjZXMudjEuUGxhY2VzLlNlYXJjaFRleHQQAhgEIAA,4.4,185,service,fail,franchise/national brand; multi-location site
ChIJ46lu6MXtOIgRI8jimjb-wYI,Ivo Pro LLC,plumbing,"7654 Sweetwood Ct, Dublin, OH 43016, USA",2.3,(614) 354-0693,http://ivopro.co/,https://maps.google.com/?cid=9422091405916031011&g_mp=Cidnb29nbGUubWFwcy5wbGFjZXMudjEuUGxhY2VzLlNlYXJjaFRleHQQAhgEIAA,5,6,general_contractor,fail,too few reviews; not clearly HVAC/plumbing
ChIJSVpsbYhxy4IRhJB6vAj1O9Y,Cool Breeze Heating And Air Conditioning Service,hvac,"2975 Donnylane Blvd, Columbus, OH 43235, USA",2.4,(614) 327-9461,http://coolbreezehvac.net/,https://maps.google.com/?cid=15437201565613199492&g_mp=Cidnb29nbGUubWFwcy5wbGFjZXMudjEuUGxhY2VzLlNlYXJjaFRleHQQAhgEIAA,5,2,general_contractor,fail,too few reviews
ChIJJ7ip9KLyOIgRo0qojHfCoRk,Antonetz Heating & Cooling LTD,hvac,"2038 Shadeview Ct, Dublin, OH 43016, USA",2.7,(614) 204-0972,http://antonetz.com/,https://maps.google.com/?cid=1846971140915350179&g_mp=Cidnb29nbGUubWFwcy5wbGFjZXMudjEuUGxhY2VzLlNlYXJjaFRleHQQAhgEIAA,5,1,general_contractor,fail,too few reviews
ChIJnalrjUONOIgRWrVKvNFeOe8,Columbus Worthington Air,hvac+plumbing,"6363 Fiesta Dr, Columbus, OH 43235, USA",2.8,(614) 965-6133,https://www.cwaohio.com/contact-us?utm_source=google&utm_medium=gbp&utm_campaign=local_seo&utm_content=gbp_website_click,https://maps.google.com/?cid=17237913303637472602&g_mp=Cidnb29nbGUubWFwcy5wbGFjZXMudjEuUGxhY2VzLlNlYXJjaFRleHQQAhgEIAA,4.8,7233,general_contractor,fail,likely too large
ChIJWSrPzkuNOIgRdCJkKdXwH-Q,Coldiron Plumbing Ltd,plumbing,"6581 Estel Rd, Columbus, OH 43235, USA",2.8,(614) 889-0603,,https://maps.google.com/?cid=16438121963238728308&g_mp=Cidnb29nbGUubWFwcy5wbGFjZXMudjEuUGxhY2VzLlNlYXJjaFRleHQQAhgEIAA,5,5,plumber,fail,too few reviews; no website
ChIJa_7Z8uWTOIgR-6GwkrlCJ8g,West Columbus Handyman,plumbing,"5927 Avery Woods Ave, Dublin, OH 43016, USA",2.9,,http://westcolumbushandyman.com/,https://maps.google.com/?cid=14422569696474735099&g_mp=Cidnb29nbGUubWFwcy5wbGFjZXMudjEuUGxhY2VzLlNlYXJjaFRleHQQAhgEIAA,4.9,48,general_contractor,fail,not clearly HVAC/plumbing
ChIJW9EQ7IGSOIgRDivcndlOKC4,A+ Gutters & Drains LLC,plumbing,"5384 Coachman Rd, Columbus, OH 43235, USA",2.9,(614) 305-7246,https://agutterdrain.com/,https://maps.google.com/?cid=3325995021376432910&g_mp=Cidnb29nbGUubWFwcy5wbGFjZXMudjEuUGxhY2VzLlNlYXJjaFRleHQQAhgEIAA,4.9,3139,service,fail,likely too large; adjacent trade
ChIJUY0pWj_tOIgR60jqbY3VU-A,Abe’s,hvac,"5622 Windrift Dr, Powell, OH 43065, USA",3.0,(614) 521-5874,,https://maps.google.com/?cid=16164498290974017771&g_mp=Cidnb29nbGUubWFwcy5wbGFjZXMudjEuUGxhY2VzLlNlYXJjaFRleHQQAhgEIAA,5,1,general_contractor,fail,too few reviews; no website; not clearly HVAC/plumbing
ChIJIUrqCEqNOIgRafT_VJltxec,Neff Electric & Plumbing Service LLC,plumbing,"2520 Winston Ct N, Columbus, OH 43235, USA",3.0,(614) 799-8862,http://www.neffenterprises.com/,https://maps.google.com/?cid=16700875298496836713&g_mp=Cidnb29nbGUubWFwcy5wbGFjZXMudjEuUGxhY2VzLlNlYXJjaFRleHQQAhgEIAA,3,12,electrician,fail,low rating; category: electrician
ChIJ4ak7r9yJOIgRe-N0wXSkOoM,Columbus Heating and Air Conditioning,hvac,"1930 Crown Park Ct, Columbus, OH 43220, USA",3.3,(380) 246-0050,,https://maps.google.com/?cid=9456051188986602363&g_mp=Cidnb29nbGUubWFwcy5wbGFjZXMudjEuUGxhY2VzLlNlYXJjaFRleHQQAhgEIAA,5,2,general_contractor,fail,too few reviews; no website
ChIJaxkbjzyNOIgRQgY718yEPVY,Pat Scales Remodeling & Home Renovation,plumbing,"2339 W Dublin-Granville Rd, Columbus, OH 43235, USA",3.3,(614) 810-4144,https://patscalesremodeling.com/?utm_source=google&utm_medium=organic&utm_campaign=gmb,https://maps.google.com/?cid=6214269076160316994&g_mp=Cidnb29nbGUubWFwcy5wbGFjZXMudjEuUGxhY2VzLlNlYXJjaFRleHQQAhgEIAA,4.7,48,service,fail,not clearly HVAC/plumbing
ChIJX5yRX3yIOIgR5lJcx17X5Uk,"Eastway Supplies, Inc. - Showroom Only",plumbing,"2285 W Dublin-Granville Rd Unit 120, Worthington, OH 43085, USA",3.4,(614) 252-0974,http://eastwaysupplies.com/,https://maps.google.com/?cid=5324898936507093734&g_mp=Cidnb29nbGUubWFwcy5wbGFjZXMudjEuUGxhY2VzLlNlYXJjaFRleHQQAhgEIAA,4.6,44,store,fail,not clearly HVAC/plumbing; category: store
ChIJv4MUdXKNOIgROErS8KPgqgw,Limes Plumbing Inc,plumbing,"1605 Scottsdale Ave, Columbus, OH 43235, USA",3.4,(614) 451-6811,,https://maps.google.com/?cid=912788869220551224&g_mp=Cidnb29nbGUubWFwcy5wbGFjZXMudjEuUGxhY2VzLlNlYXJjaFRleHQQAhgEIAA,4.2,5,plumber,fail,too few reviews; no website
ChIJZVlYsjSTOIgRoG_eAdWBQeY,"Buckeye Heating, Cooling, Plumbing & Electrical",hvac+plumbing,"4653 Trueman Blvd Ste 122, Hilliard, OH 43026, USA",3.5,(614) 254-5570,https://buckeyeheat.com/location/hilliard-ohio/?utm_campaign=gmb_msg-col_home_everyone_hilliard&utm_medium=gmb&utm_source=google,https://maps.google.com/?cid=16591685254068989856&g_mp=Cidnb29nbGUubWFwcy5wbGFjZXMudjEuUGxhY2VzLlNlYXJjaFRleHQQAhgEIAA,4.9,698,service,fail,multi-location site
ChIJ5RlfbzKNOIgRW0Zvwi1L4Is,Absolute,plumbing,"6456 Linworth Rd, Worthington, OH 43085, USA",3.5,(614) 893-1597,http://www.irrigationdoneright.com/,https://maps.google.com/?cid=10079138625962853979&g_mp=Cidnb29nbGUubWFwcy5wbGFjZXMudjEuUGxhY2VzLlNlYXJjaFRleHQQAhgEIAA,4.6,19,general_contractor,fail,not clearly HVAC/plumbing
ChIJV10nx2esPogRP40VPlLSRjM,"Advanced Drainage Systems, Inc. - Corporate Office",plumbing,"4024 Green Stripe Ln, Hilliard, OH 43026, USA",3.7,(800) 733-7473,https://www.adspipe.com/?utm_source=gmb&utm_medium=yext&y_source=1_NjE3MjAzNzAtNzE1LWxvY2F0aW9uLndlYnNpdGU%3D,https://maps.google.com/?cid=3694871794974821695&g_mp=Cidnb29nbGUubWFwcy5wbGFjZXMudjEuUGxhY2VzLlNlYXJjaFRleHQQAhgEIAA,3.5,15,service,fail,low rating
ChIJt8F3cTTrOIgRNFtppuNQKeY,Sunbelt Rentals Power & HVAC,hvac,"6965 Industrial Pkwy, Plain City, OH 43064, USA",3.8,(614) 726-3389,https://www.sunbeltrentals.com/location/oh/plain-city/power-hvac-equipment-rentals/1082/?utm_source=gmb&utm_medium=organic&utm_campaign=pc1082&y_source=1_MTc2MDU3MjItNzE1LWxvY2F0aW9uLndlYnNpdGU%3D,https://maps.google.com/?cid=16584876041448282932&g_mp=Cidnb29nbGUubWFwcy5wbGFjZXMudjEuUGxhY2VzLlNlYXJjaFRleHQQAhgEIAA,4.1,15,general_contractor,fail,multi-location site
ChIJ97nThYSNOIgR9OMyXhHFd0o,Jonny On The Spot Heating & Air,hvac,"1925 Henderson Rd, Upper Arlington, OH 43220, USA",3.8,(614) 981-8080,,https://maps.google.com/?cid=5365974159420744692&g_mp=Cidnb29nbGUubWFwcy5wbGFjZXMudjEuUGxhY2VzLlNlYXJjaFRleHQQAhgEIAA,5,2,general_contractor,fail,too few reviews; no website
ChIJl6ZuSsoTK4cRO1y0IaEnlUQ,"R & T Yoder HVAC, Inc - Plain City",hvac+plumbing,"7927 Memorial Dr Ste E, Plain City, OH 43064, USA",4.0,(614) 389-9649,https://rtyoder.com/heating-and-cooling-plain-city-ohio,https://maps.google.com/?cid=4941899739117673531&g_mp=Cidnb29nbGUubWFwcy5wbGFjZXMudjEuUGxhY2VzLlNlYXJjaFRleHQQAhgEIAA,5,143,general_contractor,fail,franchise/national brand
ChIJIfy7b_92lGIR7xaJ15rVpQo,Mr Fix It LLC,hvac+plumbing,"5994 Whitecraigs Ct, Dublin, OH 43017, USA",4.0,(614) 596-8396,https://www.mrfixllcdublin.com/,https://maps.google.com/?cid=767254172554303215&g_mp=Cidnb29nbGUubWFwcy5wbGFjZXMudjEuUGxhY2VzLlNlYXJjaFRleHQQAhgEIAA,5,81,service,fail,not clearly HVAC/plumbing
ChIJmcWre4m5OIgRNZX1Ue7MiC8,"R & T Yoder Electric, Inc - Plain City",hvac+plumbing,"7927 Memorial Dr, Plain City, OH 43064, USA",4.0,(614) 412-0650,https://www.rtyoder.com/electrician-plain-city-ohio/,https://maps.google.com/?cid=3425212840564593973&g_mp=Cidnb29nbGUubWFwcy5wbGFjZXMudjEuUGxhY2VzLlNlYXJjaFRleHQQAhgEIAA,4.8,386,electrician,fail,franchise/national brand; not clearly HVAC/plumbing; category: electrician
ChIJSy0TPfnrOIgR86NhDVqXvLw,"R & T Yoder Plumbing, Inc - Plain City",hvac+plumbing,"7927 Memorial Dr Ste D, Plain City, OH 43064, USA",4.0,(614) 957-2219,https://www.rtyoder.com/plumber-plain-city-ohio/,https://maps.google.com/?cid=13599911387779408883&g_mp=Cidnb29nbGUubWFwcy5wbGFjZXMudjEuUGxhY2VzLlNlYXJjaFRleHQQAhgEIAA,4.9,124,plumber,fail,franchise/national brand
ChIJhcOKQ2iTOIgRi1FwVH87Ztw,Ferguson Plumbing Supply,plumbing,"4363 Lyman Dr, Hilliard, OH 43026, USA",4.0,(614) 777-6640,https://www.ferguson.com/store/oh/hilliard/plumbingpvf-0124?utm_source=google&utm_medium=organic&utm_campaign=rt_lis_listingtraffic&utm_content=listing,https://maps.google.com/?cid=15881446554032165259&g_mp=Cidnb29nbGUubWFwcy5wbGFjZXMudjEuUGxhY2VzLlNlYXJjaFRleHQQAhgEIAA,4.3,30,manufacturer,fail,franchise/national brand; category: manufacturer
ChIJSzzfc8mTOIgR6TO5TuFWsEU,"Transport Specialists, Inc.",hvac,"4300 Lyman Dr, Hilliard, OH 43026, USA",4.1,(614) 876-8588,http://www.tktransport.net/?y_source=1_MTAwODU2NTctNzE1LWxvY2F0aW9uLndlYnNpdGU%3D,https://maps.google.com/?cid=5021609110206493673&g_mp=Cidnb29nbGUubWFwcy5wbGFjZXMudjEuUGxhY2VzLlNlYXJjaFRleHQQAhgEIAA,4.1,8,general_contractor,fail,too few reviews; not clearly HVAC/plumbing
ChIJSzzfc8mTOIgRTIHGNGSjB9s,Thermo King,hvac,"4300 Lyman Dr, Hilliard, OH 43026, USA",4.1,(614) 876-8588,http://www.thermoking.com/,https://maps.google.com/?cid=15782763069920674124&g_mp=Cidnb29nbGUubWFwcy5wbGFjZXMudjEuUGxhY2VzLlNlYXJjaFRleHQQAhgEIAA,3.1,59,manufacturer,fail,low rating; category: manufacturer
ChIJjwWHYHfyOIgRvI70IrSLQb4,DLC Electric,hvac,"233 S Liberty St, Powell, OH 43065, USA",4.2,(614) 430-0788,,https://maps.google.com/?cid=13709392346489327292&g_mp=Cidnb29nbGUubWFwcy5wbGFjZXMudjEuUGxhY2VzLlNlYXJjaFRleHQQAhgEIAA,4.8,25,electrician,fail,no website; not clearly HVAC/plumbing; category: electrician
ChIJI7juFTfzOIgRHvyibXrLRsg,Simple Bath and Kitchen,plumbing,"4235 Leap Rd, Hilliard, OH 43026, USA",4.2,(614) 888-2284,https://simplebathandkitchen.com/,https://maps.google.com/?cid=14431445782641179678&g_mp=Cidnb29nbGUubWFwcy5wbGFjZXMudjEuUGxhY2VzLlNlYXJjaFRleHQQAhgEIAA,4.7,290,service,fail,not clearly HVAC/plumbing
ChIJDXMiBjTrOIgRTn74L3qNL8A,Advanced Plumbing,plumbing,"8299 Memorial Dr, Plain City, OH 43064, USA",4.2,(614) 873-0548,,https://maps.google.com/?cid=13848442935117905486&g_mp=Cidnb29nbGUubWFwcy5wbGFjZXMudjEuUGxhY2VzLlNlYXJjaFRleHQQAhgEIAA,2.3,7,plumber,fail,too few reviews; low rating; no website
ChIJRy7bILqTOIgREfTXKXbiSY4,The Eco Plumbers University,plumbing,"4389 Weaver Ct N, Hilliard, OH 43026, USA",4.3,(614) 299-9903,https://geteco.com/eco-plumbers-university-columbus/,https://maps.google.com/?cid=10252975023821681681&g_mp=Cidnb29nbGUubWFwcy5wbGFjZXMudjEuUGxhY2VzLlNlYXJjaFRleHQQAhgEIAA,4,1,corporate_office,fail,too few reviews; category: corporate_office
ChIJ__8v3jPrOIgR3g9LkT366Xw,"CCS Construction Company, LLC.",plumbing,"8675 Memorial Dr, Plain City, OH 43064, USA",4.3,(614) 467-9910,http://ccsconstructionllc.com/,https://maps.google.com/?cid=9001000472614211550&g_mp=Cidnb29nbGUubWFwcy5wbGFjZXMudjEuUGxhY2VzLlNlYXJjaFRleHQQAhgEIAA,3.3,26,general_contractor,fail,low rating; not clearly HVAC/plumbing
ChIJqwHCeAiNOIgRoPMoA7ILLQE,Hetter Heating & Cooling,hvac,"4780 Kenny Rd, Columbus, OH 43220, USA",4.4,(614) 784-9200,http://www.hetterheating.com/,https://maps.google.com/?cid=84736827175007136&g_mp=Cidnb29nbGUubWFwcy5wbGFjZXMudjEuUGxhY2VzLlNlYXJjaFRleHQQAhgEIAA,4.9,1329,general_contractor,fail,likely too large
ChIJi-VL1DKSOIgRRgrUv_AJB7I,Plumbing,plumbing,"Plumbing, Hilliard, OH 43026, USA",4.4,,,https://maps.google.com/?cid=12828232993203292742&g_mp=Cidnb29nbGUubWFwcy5wbGFjZXMudjEuUGxhY2VzLlNlYXJjaFRleHQQAhgEIAA,0,0,,fail,too few reviews; no website
ChIJpfkv2_COOIgRMTd8lDgCZk4,"Eco Plumbers, Electricians, and HVAC Technicians",hvac+plumbing,"4691 Northwest Pkwy, Hilliard, OH 43026, USA",4.5,(855) 326-7586,https://www.geteco.com/?utm_source=GMB&utm_medium=organic&utm_campaign=hiliard,https://maps.google.com/?cid=5649205224615458609&g_mp=Cidnb29nbGUubWFwcy5wbGFjZXMudjEuUGxhY2VzLlNlYXJjaFRleHQQAhgEIAA,4.9,20790,plumber,fail,likely too large
ChIJF48KFLCIOIgRIMwnRDST7Yk,Campus Handyman,hvac,"3982 W Powell Rd, Powell, OH 43065, USA",4.5,,http://www.campushandyman.com/,https://maps.google.com/?cid=9938761805367594016&g_mp=Cidnb29nbGUubWFwcy5wbGFjZXMudjEuUGxhY2VzLlNlYXJjaFRleHQQAhgEIAA,5,29,general_contractor,fail,not clearly HVAC/plumbing
ChIJwXjSK5FsmScRi4nQ782Zvzg,Zoom Drain Columbus,plumbing,"98 Village Pointe Dr, Powell, OH 43065, USA",4.5,(614) 784-4606,https://www.zoomdrain.com/columbus/,https://maps.google.com/?cid=4089156096446466443&g_mp=Cidnb29nbGUubWFwcy5wbGFjZXMudjEuUGxhY2VzLlNlYXJjaFRleHQQAhgEIAA,4.9,185,service,fail,franchise/national brand
ChIJQ9Fm3k_zOIgRIq0tUDMqXWk,Platinum Powell HVAC Repair,hvac,"31 E Olentangy St, Powell, OH 43065, USA",4.6,(380) 254-8835,https://platinumpowellhvacrepair.site/,https://maps.google.com/?cid=7592270946693393698&g_mp=Cidnb29nbGUubWFwcy5wbGFjZXMudjEuUGxhY2VzLlNlYXJjaFRleHQQAhgEIAA,0,0,store,fail,too few reviews; category: store
ChIJ4xCNOe7zOIgRZKG4HyeKIkc,Rescue Rooter,plumbing,"7890 Corporate Blvd Suite A, Plain City, OH 43064, USA",4.6,(614) 965-6130,https://www.ars.com/columbus?utm_source=google&utm_medium=gbp&utm_campaign=local_seo&utm_content=gbp_website_click,https://maps.google.com/?cid=5125811226541597028&g_mp=Cidnb29nbGUubWFwcy5wbGFjZXMudjEuUGxhY2VzLlNlYXJjaFRleHQQAhgEIAA,4.7,5533,plumber,fail,franchise/national brand; likely too large
ChIJ0VVFSgWJOIgRsj1zTA5MHII,SRS Mechanical,hvac,"3737 Parkway Ln, Hilliard, OH 43026, USA",4.8,(614) 777-6324,http://www.srsmechanical.com/,https://maps.google.com/?cid=9375452148574404018&g_mp=Cidnb29nbGUubWFwcy5wbGFjZXMudjEuUGxhY2VzLlNlYXJjaFRleHQQAhgEIAA,4.3,9,general_contractor,fail,too few reviews
ChIJSedX_qiTOIgRSCOWILaiWeo,Johnstone Supply,hvac,"3700 Parkway Ln Ste G,H,J, Hilliard, OH 43026, USA",4.8,(614) 824-1584,https://www.johnstonesupply.com/684,https://maps.google.com/?cid=16886707180916843336&g_mp=Cidnb29nbGUubWFwcy5wbGFjZXMudjEuUGxhY2VzLlNlYXJjaFRleHQQAhgEIAA,4.5,8,general_contractor,fail,too few reviews; not clearly HVAC/plumbing
ChIJCWd3ad2TOIgRb0yWNbwQZgI,Combat Contracting,hvac,"4694 Cemetery Rd, Hilliard, OH 43026, USA",4.8,(614) 477-2501,http://www.combatcontracting.com/,https://maps.google.com/?cid=172844036239281263&g_mp=Cidnb29nbGUubWFwcy5wbGFjZXMudjEuUGxhY2VzLlNlYXJjaFRleHQQAhgEIAA,4.8,61,general_contractor,fail,not clearly HVAC/plumbing
ChIJJfNW1MuTOIgRr-3zQYIlhgk,Baths R Us,plumbing,"3700 Parkway Ln Ste O, Hilliard, OH 43026, USA",4.8,(614) 983-1403,https://bathsrus.com/oh/columbus/?lsn=Google_BusinessProfile,https://maps.google.com/?cid=686277234603060655&g_mp=Cidnb29nbGUubWFwcy5wbGFjZXMudjEuUGxhY2VzLlNlYXJjaFRleHQQAhgEIAA,4.8,433,general_contractor,fail,franchise/national brand; not clearly HVAC/plumbing
ChIJMzRi3_XtOIgR8M7Eu0_nQGA,Super Plumbers LLC,plumbing,"62 Grace Dr, Powell, OH 43065, USA",4.9,(614) 204-5532,,https://maps.google.com/?cid=6935797755789233904&g_mp=Cidnb29nbGUubWFwcy5wbGFjZXMudjEuUGxhY2VzLlNlYXJjaFRleHQQAhgEIAA,4,25,plumber,fail,no website
ChIJ15UOx8KMOIgR6AGuM2uj3hc,Lawn Plumber Irrigation,plumbing,"215 W Southington Ave, Worthington, OH 43085, USA",4.9,(614) 496-3363,http://www.lawnplumber.net/,https://maps.google.com/?cid=1719991788525978088&g_mp=Cidnb29nbGUubWFwcy5wbGFjZXMudjEuUGxhY2VzLlNlYXJjaFRleHQQAhgEIAA,5,2,general_contractor,fail,too few reviews
ChIJ1d4OVcjzOIgRbOhdZLsO-80,Powell City HVAC Star,hvac,"261 Muladore Dr, Powell, OH 43065, USA",5.0,(520) 652-3161,,https://maps.google.com/?cid=14842473194935150700&g_mp=Cidnb29nbGUubWFwcy5wbGFjZXMudjEuUGxhY2VzLlNlYXJjaFRleHQQAhgEIAA,5,1,,fail,too few reviews; no website
ChIJXaGLzhnrOIgRkCXvLkQIG0s,Pringles Inc.,hvac,"8170 Business Way, Plain City, OH 43064, USA",5.0,(614) 733-0900,http://www.pringlesincplaincityoh.com/,https://maps.google.com/?cid=5411928466154005904&g_mp=Cidnb29nbGUubWFwcy5wbGFjZXMudjEuUGxhY2VzLlNlYXJjaFRleHQQAhgEIAA,4.5,15,service,fail,not clearly HVAC/plumbing
ChIJVeQLZNmTOIgRoOLUlzEOvek,BWA South Co. Inc.,plumbing,"4501 Sutphen Ct, Hilliard, OH 43026, USA",5.0,(614) 876-2477,http://www.bwasouth.com/,https://maps.google.com/?cid=16842633787599020704&g_mp=Cidnb29nbGUubWFwcy5wbGFjZXMudjEuUGxhY2VzLlNlYXJjaFRleHQQAhgEIAA,4,5,wholesaler,fail,too few reviews; not clearly HVAC/plumbing; category: wholesaler
ChIJq6rO_OSTOIgRpN7jO_C-CXw,Trench Ditches Drains,plumbing,"3925 Linda Rd, Hilliard, OH 43026, USA",5.0,(614) 971-6850,,https://maps.google.com/?cid=8937884874499677860&g_mp=Cidnb29nbGUubWFwcy5wbGFjZXMudjEuUGxhY2VzLlNlYXJjaFRleHQQAhgEIAA,4.7,3,service,fail,too few reviews; no website
ChIJhdguec6UOIgRA79IVH54KJo,Gutridge,hvac+plumbing,"3637 Lacon Rd, Hilliard, OH 43026, USA",5.1,(614) 252-0420,https://www.gutridge.com/,https://maps.google.com/?cid=11108260964884594435&g_mp=Cidnb29nbGUubWFwcy5wbGFjZXMudjEuUGxhY2VzLlNlYXJjaFRleHQQAhgEIAA,4.5,40,service,fail,not clearly HVAC/plumbing
ChIJ1Yf2q1RMVogRfrJpLUzvJFo,Breeze Brothers,hvac,"5460 Franklin St Ste 100, Hilliard, OH 43026, USA",5.1,(614) 389-9485,https://breezebros.com/?utm_source=gbp&utm_medium=maps,https://maps.google.com/?cid=6495579673033552510&g_mp=Cidnb29nbGUubWFwcy5wbGFjZXMudjEuUGxhY2VzLlNlYXJjaFRleHQQAhgEIAA,5,211,general_contractor,fail,franchise/national brand; not clearly HVAC/plumbing
ChIJvaWZAh7rOIgRUmpMFMJ87dM,Sunbelt Rentals Climate Control,hvac,"8275 Estates Pkwy, Plain City, OH 43064, USA",5.1,(614) 595-7140,https://www.sunbeltrentals.com/location/oh/plain-city/hvac-dehumidification-rentals/1173/?utm_source=gmb&utm_medium=organic&utm_campaign=pc1173&y_source=1_MTc2MDU2ODItNzE1LWxvY2F0aW9uLndlYnNpdGU%3D,https://maps.google.com/?cid=15270999084489271890&g_mp=Cidnb29nbGUubWFwcy5wbGFjZXMudjEuUGxhY2VzLlNlYXJjaFRleHQQAhgEIAA,5,1,general_contractor,fail,multi-location site; too few reviews; not clearly HVAC/plumbing
ChIJv4dBLc2TOIgRlRH7fbg3AMo,"R & T Yoder Electric, Inc - Hilliard",hvac+plumbing,"5460 Franklin St Ste 100, Hilliard, OH 43026, USA",5.1,(614) 714-6292,https://www.rtyoder.com/electrician-hilliard-ohio/,https://maps.google.com/?cid=14555695261188559253&g_mp=Cidnb29nbGUubWFwcy5wbGFjZXMudjEuUGxhY2VzLlNlYXJjaFRleHQQAhgEIAA,4.9,76,electrician,fail,franchise/national brand; not clearly HVAC/plumbing; category: electrician
ChIJiZwXNvqTOIgR_7Vbq7_apYo,Benjamin Franklin Plumbing,plumbing,"Hilliard, OH 43026, USA",5.1,(614) 850-8053,https://www.benjaminfranklinplumbing.com/,https://maps.google.com/?cid=9990631865139836415&g_mp=Cidnb29nbGUubWFwcy5wbGFjZXMudjEuUGxhY2VzLlNlYXJjaFRleHQQAhgEIAA,3.9,12,plumber,fail,franchise/national brand
ChIJH-xCEymVOIgR2UPX9DZmpGc,Carter Plumbing Electric & Heating,plumbing,"10271 OH-161, Plain City, OH 43064, USA",5.1,(614) 873-8727,,https://maps.google.com/?cid=7468206468309140441&g_mp=Cidnb29nbGUubWFwcy5wbGFjZXMudjEuUGxhY2VzLlNlYXJjaFRleHQQAhgEIAA,4.1,7,store,fail,too few reviews; no website; category: store
ChIJC3ZtpBuTOIgR7AgTvAZarhQ,RoofNut,hvac,"3985 Main St #200, Hilliard, OH 43026, USA",5.2,(614) 505-9605,https://roofnut.co/,https://maps.google.com/?cid=1490227511677880556&g_mp=Cidnb29nbGUubWFwcy5wbGFjZXMudjEuUGxhY2VzLlNlYXJjaFRleHQQAhgEIAA,5,174,roofing_contractor,fail,not clearly HVAC/plumbing; category: roofing_contractor
ChIJzynDJp2NOIgRiJKHq2CwiDM,"Arlington Electric, LLC",hvac,"2127 Glenmere Rd, Upper Arlington, OH 43220, USA",5.2,,http://www.arlington-electric.com/,https://maps.google.com/?cid=3713411822008111752&g_mp=Cidnb29nbGUubWFwcy5wbGFjZXMudjEuUGxhY2VzLlNlYXJjaFRleHQQAhgEIAA,5,166,electrician,fail,not clearly HVAC/plumbing; category: electrician
ChIJ6cvgpiLrOIgRANgYxJOI86o,R.T. Moore - Ohio,plumbing,"8205 Business Way, Plain City, OH 43064, USA",5.2,(317) 291-1052,https://rtmoore.com/contact-us/,https://maps.google.com/?cid=12318339574019971072&g_mp=Cidnb29nbGUubWFwcy5wbGFjZXMudjEuUGxhY2VzLlNlYXJjaFRleHQQAhgEIAA,4.2,9,plumber,fail,too few reviews; not clearly HVAC/plumbing
ChIJtwrhkR7rOIgR_66E132iKZ8,RoJen Company,plumbing,"8350 Industrial Pkwy #8, Plain City, OH 43064, USA",5.3,(614) 504-6129,https://www.rojen.com/,https://maps.google.com/?cid=11468876587446087423&g_mp=Cidnb29nbGUubWFwcy5wbGFjZXMudjEuUGxhY2VzLlNlYXJjaFRleHQQAhgEIAA,4.3,6,wholesaler,fail,too few reviews; not clearly HVAC/plumbing; category: wholesaler
ChIJkfoZDACROIgRTmDEIryoul0,First Response,hvac,"3311 Mill Meadow Dr, Hilliard, OH 43026, USA",5.4,,,https://maps.google.com/?cid=6753896117186093134&g_mp=Cidnb29nbGUubWFwcy5wbGFjZXMudjEuUGxhY2VzLlNlYXJjaFRleHQQAhgEIAA,0,0,general_contractor,fail,too few reviews; no website; not clearly HVAC/plumbing
ChIJ2aYwfx7rOIgRFqW-r917d8Q,Sanhua International,hvac,"8400 Industrial Pkwy # D, Plain City, OH 43064, USA",5.4,(614) 873-7400,https://www.sanhuausa.com/us/en/,https://maps.google.com/?cid=14156920145728939286&g_mp=Cidnb29nbGUubWFwcy5wbGFjZXMudjEuUGxhY2VzLlNlYXJjaFRleHQQAhgEIAA,5,1,general_contractor,fail,too few reviews; not clearly HVAC/plumbing
ChIJmX_LMATzOIgRajyYoo_mbgE,AttaBoy Home Services,plumbing,"100 E Campus View Blvd #250, Columbus, OH 43235, USA",5.4,(614) 610-9858,,https://maps.google.com/?cid=103273346058697834&g_mp=Cidnb29nbGUubWFwcy5wbGFjZXMudjEuUGxhY2VzLlNlYXJjaFRleHQQAhgEIAA,5,3,plumber,fail,too few reviews; no website; not clearly HVAC/plumbing
ChIJfeEDuB3rOIgRGk0iqW2AUog,Geo Source One,hvac,"9021 Heritage Dr # B, Plain City, OH 43064, USA",5.5,,,https://maps.google.com/?cid=9823054945725861146&g_mp=Cidnb29nbGUubWFwcy5wbGFjZXMudjEuUGxhY2VzLlNlYXJjaFRleHQQAhgEIAA,4.2,6,general_contractor,fail,too few reviews; no website; not clearly HVAC/plumbing
ChIJAQDwPf-TOIgRIwzR-jk9dNE,Mr. Handyman of West Columbus,plumbing,"5491 Scioto Darby Rd Ste 2, Hilliard, OH 43026, USA",5.5,(614) 532-4256,https://www.mrhandyman.com/west-columbus-ohio/?cid=LSTL_MHM000197&utm_source=gmb&utm_campaign=local&utm_medium=organic,https://maps.google.com/?cid=15092755570455809059&g_mp=Cidnb29nbGUubWFwcy5wbGFjZXMudjEuUGxhY2VzLlNlYXJjaFRleHQQAhgEIAA,4.7,258,general_contractor,fail,franchise/national brand; not clearly HVAC/plumbing
ChIJX5XnGTp1uqERTF4AItYNZcY,TaskPro Residential Handyman Services,plumbing,"Loveman Ave, Worthington, OH 43085, USA",5.5,(614) 987-8427,https://taskprors.com/,https://maps.google.com/?cid=14295847805502119500&g_mp=Cidnb29nbGUubWFwcy5wbGFjZXMudjEuUGxhY2VzLlNlYXJjaFRleHQQAhgEIAA,5,16,general_contractor,fail,not clearly HVAC/plumbing
ChIJuUtCZK2ROIgRtuONDccPLnk,Absolute Hilliard HVAC Repair,hvac,"3559 Main St, Hilliard, OH 43026, USA",5.7,(216) 682-2520,https://absolutehilliardhvacrepair.site/,https://maps.google.com/?cid=8731934075118281654&g_mp=Cidnb29nbGUubWFwcy5wbGFjZXMudjEuUGxhY2VzLlNlYXJjaFRleHQQAhgEIAA,0,0,store,fail,too few reviews; category: store
ChIJ8aWWOESROIgRxESbn5dRjOk,Gunther Plumbing,hvac+plumbing,"3080 Scioto Darby Executive Ct, Hilliard, OH 43026, USA",5.7,(614) 580-9406,http://www.guntherplumbing.com/,https://maps.google.com/?cid=16828915619236365508&g_mp=Cidnb29nbGUubWFwcy5wbGFjZXMudjEuUGxhY2VzLlNlYXJjaFRleHQQAhgEIAA,4.9,961,plumber,fail,likely too large
ChIJmf3KipkXaWARSHfBqYXrFPI,Columbus Restoration Co.,plumbing,"3100 Scioto Darby Executive Ct, Hilliard, OH 43026, USA",5.7,(614) 221-3551,https://columbusohrestoration.com/,https://maps.google.com/?cid=17443826216023979848&g_mp=Cidnb29nbGUubWFwcy5wbGFjZXMudjEuUGxhY2VzLlNlYXJjaFRleHQQAhgEIAA,5,110,general_contractor,fail,not clearly HVAC/plumbing
ChIJHebivpfrOIgR9M9oDP226KU,Got A Guy LLC,plumbing,"10098 Hyland-Croy Rd, Plain City, OH 43064, USA",5.7,(614) 546-9298,http://614gotaguy.com/,https://maps.google.com/?cid=11955006408806158324&g_mp=Cidnb29nbGUubWFwcy5wbGFjZXMudjEuUGxhY2VzLlNlYXJjaFRleHQQAhgEIAA,5,8,general_contractor,fail,too few reviews; not clearly HVAC/plumbing
ChIJszhNZ1DzOIgRELHYa7Y9NU8,"Buckeye Heating, Cooling, Plumbing & Electrical",hvac+plumbing,"1018 Proprietors Rd, Worthington, OH 43085, USA",5.9,(614) 647-5287,https://buckeyeheat.com/?utm_campaign=gmb_msg-col_home_everyone_main&utm_medium=gmb&utm_source=google,https://maps.google.com/?cid=5707535956464677136&g_mp=Cidnb29nbGUubWFwcy5wbGFjZXMudjEuUGxhY2VzLlNlYXJjaFRleHQQAhgEIAA,4.8,2631,service,fail,likely too large
ChIJX7TLJlzzOIgRCO6sIlRmiXI,Total Comfort Heating & Cooling Inc.,hvac,"1018 Proprietors Rd, Worthington, OH 43085, USA",5.9,(614) 885-2222,,https://maps.google.com/?cid=8253240303678189064&g_mp=Cidnb29nbGUubWFwcy5wbGFjZXMudjEuUGxhY2VzLlNlYXJjaFRleHQQAhgEIAA,4.5,15,general_contractor,fail,no website
ChIJQTsKhiaJOIgR0mp-EiJoPNk,Dixie Heating & Air Conditioning,hvac,"6969 Worthington Galena Rd, Columbus, OH 43085, USA",5.9,(614) 918-4065,,https://maps.google.com/?cid=15653500900381453010&g_mp=Cidnb29nbGUubWFwcy5wbGFjZXMudjEuUGxhY2VzLlNlYXJjaFRleHQQAhgEIAA,5,5,general_contractor,fail,too few reviews; no website
ChIJdzfTnfVUzQ4RfSs9vFG4-zY,The Brothers That Just Do Gutters,plumbing,"470 Schrock Rd Ste d, Worthington, OH 43085, USA",5.9,(614) 300-5488,https://www.brothersgutters.com/columbus-oh/?utm_source=GMBlisting&utm_medium=organic,https://maps.google.com/?cid=3961962958392470397&g_mp=Cidnb29nbGUubWFwcy5wbGFjZXMudjEuUGxhY2VzLlNlYXJjaFRleHQQAhgEIAA,4.9,339,service,fail,not clearly HVAC/plumbing
ChIJjaC_FniMOIgRidalCBDOedE,GUTTERCO,plumbing,"6969 Worthington Galena Rd, Worthington, OH 43085, USA",5.9,(614) 254-4349,http://www.gutterco.biz/,https://maps.google.com/?cid=15094322194368812681&g_mp=Cidnb29nbGUubWFwcy5wbGFjZXMudjEuUGxhY2VzLlNlYXJjaFRleHQQAhgEIAA,4.8,140,service,fail,not clearly HVAC/plumbing
ChIJAxYA_2-ROIgRzrHbMUtSKnM,Airtron Heating & Air Conditioning,hvac,"3021 International St, Columbus, OH 43228, USA",6.0,(614) 636-4100,http://www.airtron.com/columbus/,https://maps.google.com/?cid=8298535746296066510&g_mp=Cidnb29nbGUubWFwcy5wbGFjZXMudjEuUGxhY2VzLlNlYXJjaFRleHQQAhgEIAA,4.9,1607,general_contractor,fail,likely too large
ChIJuWUrJN_1OIgRvSGDnx7qdL8,"Apex Pros Plumbing, Electrical, Heating and Air",hvac+plumbing,"6663 Huntley Rd M, Columbus, OH 43229, USA",6.0,(614) 654-0344,https://apexpros.com/,https://maps.google.com/?cid=13795908975788761533&g_mp=Cidnb29nbGUubWFwcy5wbGFjZXMudjEuUGxhY2VzLlNlYXJjaFRleHQQAhgEIAA,4.7,7011,plumber,fail,likely too large
ChIJ6W1X82KUOIgR04nHaE57pqE,Advanced Mechanical Plus,hvac,"404 E Wilson Bridge Rd, Worthington, OH 43085, USA",6.0,(567) 204-9582,https://smartcaresolutions.com/providers/advanced-mechanical-plus/,https://maps.google.com/?cid=11648133062935939539&g_mp=Cidnb29nbGUubWFwcy5wbGFjZXMudjEuUGxhY2VzLlNlYXJjaFRleHQQAhgEIAA,4.3,26,point_of_interest,fail,category: point_of_interest
ChIJexpYl5nzOIgR7VhlreGmu1Y,Nextech,hvac,"530 Lakeview Plaza Blvd E, Worthington, OH 43085, USA",6.0,(800) 382-3150,https://www.nextechna.com/worthington-commercial-hvac-refrigeration/,https://maps.google.com/?cid=6249772396113647853&g_mp=Cidnb29nbGUubWFwcy5wbGFjZXMudjEuUGxhY2VzLlNlYXJjaFRleHQQAhgEIAA,0,0,general_contractor,fail,too few reviews; not clearly HVAC/plumbing
ChIJL7dvYOGROIgRWzltXT7NxPM,Buckeye Electric of Upper Arlington,hvac,"1580 Fishinger Rd Ste 290, Columbus, OH 43221, USA",6.0,(614) 664-8800,https://614electrician.com/,https://maps.google.com/?cid=17565390114390882651&g_mp=Cidnb29nbGUubWFwcy5wbGFjZXMudjEuUGxhY2VzLlNlYXJjaFRleHQQAhgEIAA,4.6,338,electrician,fail,not clearly HVAC/plumbing; category: electrician
ChIJQXlEN4WROIgReh3f64OkFcw,Keigley Plumbing,plumbing,"2880 Scioto Darby Executive Ct, Hilliard, OH 43026, USA",6.0,(614) 850-9110,,https://maps.google.com/?cid=14705841044753161594&g_mp=Cidnb29nbGUubWFwcy5wbGFjZXMudjEuUGxhY2VzLlNlYXJjaFRleHQQAhgEIAA,4,32,plumber,fail,no website
ChIJjQqF5lPzOIgRUdDqEsX37Jw,"The Waterworks Plumbing, Drain, Heating & Cooling",hvac+plumbing,"550 Schrock Rd, Columbus, OH 43229, USA",6.1,(614) 490-2149,https://thewaterworks.com/,https://maps.google.com/?cid=11307685190218469457&g_mp=Cidnb29nbGUubWFwcy5wbGFjZXMudjEuUGxhY2VzLlNlYXJjaFRleHQQAhgEIAA,4.7,2253,plumber,fail,likely too large
ChIJT9ED_OaNOIgR555AJa1YUog,Golden Bear Repair,hvac,"3136 Kingsdale Center #103, Upper Arlington, OH 43221, USA",6.1,(614) 699-2327,http://www.goldenbearrepair.com/,https://maps.google.com/?cid=9823011237926051559&g_mp=Cidnb29nbGUubWFwcy5wbGFjZXMudjEuUGxhY2VzLlNlYXJjaFRleHQQAhgEIAA,4.5,8,general_contractor,fail,too few reviews
ChIJqd0bi5uMOIgR6IWBfjX7TdE,Waterman Filters,plumbing,"7048 Worthington Galena Rd, Worthington, OH 43085, USA",6.1,(614) 430-3840,https://www.watermanfilters.com/,https://maps.google.com/?cid=15081986934307915240&g_mp=Cidnb29nbGUubWFwcy5wbGFjZXMudjEuUGxhY2VzLlNlYXJjaFRleHQQAhgEIAA,4.9,55,plumber,fail,not clearly HVAC/plumbing
ChIJRxRyMTugrY4RMVZb18_2cp0,Bath Tune-Up of Columbus North,plumbing,"705 Lakeview Plaza Blvd Suite J, Columbus, OH 43085, USA",6.2,(614) 931-0802,https://www.bathtune-up.com/columbus-north-oh?utm_source=google&utm_medium=organic&utm_campaign=gbplisting,https://maps.google.com/?cid=11345401783831451185&g_mp=Cidnb29nbGUubWFwcy5wbGFjZXMudjEuUGxhY2VzLlNlYXJjaFRleHQQAhgEIAA,4.9,53,general_contractor,fail,franchise/national brand; not clearly HVAC/plumbing
ChIJcT813UxaGWwRbFxTndVtiMo,Mister Sparky of Greater Columbus,plumbing,"670 Lakeview Plaza Blvd H, Worthington, OH 43085, USA",6.2,(614) 285-3709,https://www.mistersparky.com/greater-columbus/,https://maps.google.com/?cid=14594035356729039980&g_mp=Cidnb29nbGUubWFwcy5wbGFjZXMudjEuUGxhY2VzLlNlYXJjaFRleHQQAhgEIAA,4.9,237,electrician,fail,franchise/national brand; not clearly HVAC/plumbing; category: electrician
ChIJhaQpMXSNOIgREGrJxzeqt_U,Action Heating and Cooling,hvac,"797 Busch Ct, Columbus, OH 43229, USA",6.3,(614) 390-1438,,https://maps.google.com/?cid=17705807616582183440&g_mp=Cidnb29nbGUubWFwcy5wbGFjZXMudjEuUGxhY2VzLlNlYXJjaFRleHQQAhgEIAA,3.7,3,general_contractor,fail,too few reviews; low rating; no website
ChIJo-XbOuzvOIgR2cLIXSey5qo,Pure Purpose Filters,hvac,"3804 Shallow Creek Dr, Powell, OH 43065, USA",6.4,(954) 588-7774,http://www.purepurposefilters.com/,https://maps.google.com/?cid=12314726113238106841&g_mp=Cidnb29nbGUubWFwcy5wbGFjZXMudjEuUGxhY2VzLlNlYXJjaFRleHQQAhgEIAA,5,1,general_contractor,fail,too few reviews; not clearly HVAC/plumbing
ChIJ4Vax6wSJOIgRBfQwbtwcQJc,Crown Heating & Air Conditioning,hvac,"29 Neverland Dr, Lewis Center, OH 43035, USA",6.4,(740) 224-4694,,https://maps.google.com/?cid=10898742831303685125&g_mp=Cidnb29nbGUubWFwcy5wbGFjZXMudjEuUGxhY2VzLlNlYXJjaFRleHQQAhgEIAA,5,4,general_contractor,fail,too few reviews; no website
ChIJd45i0EOROIgRhZl7brAYegk,Harmony Plumbing,plumbing,"5206 Singleton Dr, Hilliard, OH 43026, USA",6.4,(614) 330-1668,,https://maps.google.com/?cid=682885439546956165&g_mp=Cidnb29nbGUubWFwcy5wbGFjZXMudjEuUGxhY2VzLlNlYXJjaFRleHQQAhgEIAA,3.6,19,plumber,fail,low rating; no website
ChIJt9rKu52MOIgRNhK1FuXp_YQ,"Fire & Ice Heating, Cooling, Plumbing & Electrical",hvac+plumbing,"848 Freeway Dr N, Columbus, OH 43229, USA",6.5,(614) 642-2236,https://indoortemp.com/?utm_source=google-gbp&utm_medium=organic&utm_campaign=*431*fire-ice-columbus,https://maps.google.com/?cid=9583072752252031542&g_mp=Cidnb29nbGUubWFwcy5wbGFjZXMudjEuUGxhY2VzLlNlYXJjaFRleHQQAhgEIAA,4.8,4303,general_contractor,fail,likely too large
ChIJC6OW8yr1OIgRkDUXxDIs0Mg,MAD heating and Cooling,hvac,"925 Schrock Rd, Columbus, OH 43229, USA",6.5,(614) 207-8489,https://madheatingandcooling.com/,https://maps.google.com/?cid=14470114199291245968&g_mp=Cidnb29nbGUubWFwcy5wbGFjZXMudjEuUGxhY2VzLlNlYXJjaFRleHQQAhgEIAA,5,1,general_contractor,fail,too few reviews
ChIJJxw88Kr0OIgRT2ewBf5n2xo,Total Pro Plumbing & Drain Cleaning,plumbing,"6534 Singletree Dr, Columbus, OH 43229, USA",6.5,,,https://maps.google.com/?cid=1935254805600560975&g_mp=Cidnb29nbGUubWFwcy5wbGFjZXMudjEuUGxhY2VzLlNlYXJjaFRleHQQAhgEIAA,3.6,77,plumber,fail,low rating; no website
ChIJswDYSF7zOIgR41-RdRZd7Kg,Bath Fitter,plumbing,"7465 Worthington Galena Rd, Worthington, OH 43085, USA",6.5,(614) 310-4828,http://www.bathfitter.com/us-en/location/columbus/?source=42466&utm_source=gmb&utm_medium=organic&utm_campaign=gmb-google-seo,https://maps.google.com/?cid=12172206243918733283&g_mp=Cidnb29nbGUubWFwcy5wbGFjZXMudjEuUGxhY2VzLlNlYXJjaFRleHQQAhgEIAA,4.7,374,general_contractor,fail,multi-location site; not clearly HVAC/plumbing
ChIJiYeq3DmROIgREd2wfAiTVNs,American Leak Detection of Columbus,plumbing,"2515 International St, Columbus, OH 43228, USA",6.6,(614) 467-8205,https://www.americanleakcolumbus.com/,https://maps.google.com/?cid=15804418657010900241&g_mp=Cidnb29nbGUubWFwcy5wbGFjZXMudjEuUGxhY2VzLlNlYXJjaFRleHQQAhgEIAA,4.7,417,plumber,fail,franchise/national brand; not clearly HVAC/plumbing
ChIJY6kne6WNOIgRGeuwbTPCJlw,Columbus Handyman,plumbing,"3757 N High St, Columbus, OH 43214, USA",6.6,(614) 263-2479,http://www.columbushandyman.net/,https://maps.google.com/?cid=6640208226743806745&g_mp=Cidnb29nbGUubWFwcy5wbGFjZXMudjEuUGxhY2VzLlNlYXJjaFRleHQQAhgEIAA,4.5,270,general_contractor,fail,not clearly HVAC/plumbing
ChIJde9h6oKMOIgRq2bUWDbEZYg,"Atlas Butler Heating, Cooling & Plumbing",hvac+plumbing,"4849 Evanswood Dr, Columbus, OH 43229, USA",6.7,(614) 681-2167,https://atlasbutler.com/?utm_source=google&utm_medium=organic&utm_campaign=local-listings&utm_content=HVAC,https://maps.google.com/?cid=9828477499503568555&g_mp=Cidnb29nbGUubWFwcy5wbGFjZXMudjEuUGxhY2VzLlNlYXJjaFRleHQQAhgEIAA,4.7,8315,general_contractor,fail,likely too large
ChIJXYZKipTzOIgRLuykzq2sV8o,Bailfish Services LLC,plumbing,"8477 Green Meadows Dr Suite B, Lewis Center, OH 43035, USA",6.7,(614) 956-8763,https://bailfishllc.com/,https://maps.google.com/?cid=14580312181131504686&g_mp=Cidnb29nbGUubWFwcy5wbGFjZXMudjEuUGxhY2VzLlNlYXJjaFRleHQQAhgEIAA,3.4,20,general_contractor,fail,low rating; not clearly HVAC/plumbing
ChIJN0L4NpTzOIgRhGJrCk-Hqr8,Harrington Process Solutions,plumbing,"708 Enterprise Dr, Lewis Center, OH 43035, USA",6.7,(614) 433-0722,https://www.hipco.com/store-locator-details/harrington-columbus/?utm_source=google-gmb&utm_medium=organic&utm_content=columbus-gmb,https://maps.google.com/?cid=13810999980832023172&g_mp=Cidnb29nbGUubWFwcy5wbGFjZXMudjEuUGxhY2VzLlNlYXJjaFRleHQQAhgEIAA,5,3,building_materials_store,fail,too few reviews; not clearly HVAC/plumbing; category: building_materials_store
ChIJ98SFWpPzOIgRr8LCYi5nKBM,Cullins One Hour Heating & Air Conditioning,hvac+plumbing,"670 Radio Dr, Lewis Center, OH 43035, USA",6.8,(614) 942-5218,https://www.onehourheatandair.com/columbus/,https://maps.google.com/?cid=1380466734712144559&g_mp=Cidnb29nbGUubWFwcy5wbGFjZXMudjEuUGxhY2VzLlNlYXJjaFRleHQQAhgEIAA,4.9,883,general_contractor,fail,franchise/national brand; likely too large
ChIJ_yTQQ8uJOIgRfElp_8-PfOs,Christie Heating and Air Conditioning,hvac,"155 Hidden Ravines Dr, Powell, OH 43065, USA",6.8,(740) 293-4838,,https://maps.google.com/?cid=16968595619531278716&g_mp=Cidnb29nbGUubWFwcy5wbGFjZXMudjEuUGxhY2VzLlNlYXJjaFRleHQQAhgEIAA,5,1,general_contractor,fail,too few reviews; no website
ChIJh7tvYoOVOIgRSSrcorykkpY,Ohio Handyman,plumbing,"5115 Renmill Dr, Hilliard, OH 43026, USA",6.8,(614) 363-4774,http://www.ohiohandyman.net/,https://maps.google.com/?cid=10849915582382090825&g_mp=Cidnb29nbGUubWFwcy5wbGFjZXMudjEuUGxhY2VzLlNlYXJjaFRleHQQAhgEIAA,4,29,general_contractor,fail,not clearly HVAC/plumbing
ChIJ2dbHoVuOOIgRhpBXtcQcl5A,"Logan Services A/C, Heat & Plumbing",hvac+plumbing,"2219 Westbrooke Dr, Columbus, OH 43228, USA",6.9,(614) 224-3200,https://www.logan-inc.com/?utm_source=google-my-business&utm_medium=organic&utm_campaign=columbus,https://maps.google.com/?cid=10418827894126514310&g_mp=Cidnb29nbGUubWFwcy5wbGFjZXMudjEuUGxhY2VzLlNlYXJjaFRleHQQAhgEIAA,4.8,4767,general_contractor,fail,likely too large
ChIJx9BauyJUOIgR5UvNhVWAjkI,Jcorr LLC.,hvac,"9002 Cotter St, Lewis Center, OH 43035, USA",6.9,(844) 832-8180,https://www.jcorrmechanical.com/,https://maps.google.com/?cid=4795911758001556453&g_mp=Cidnb29nbGUubWFwcy5wbGFjZXMudjEuUGxhY2VzLlNlYXJjaFRleHQQAhgEIAA,5,2,general_contractor,fail,too few reviews
ChIJ24pTRZPzOIgRHRVT8kqdisY,"SERVPRO of Delaware, OH",hvac+plumbing,"740 Radio Dr, Lewis Center, OH 43035, USA",6.9,(740) 369-5020,https://www.servpro.com/locations/oh/servpro-of-delaware-oh?utm_medium=organic&utm_source=gbp,https://maps.google.com/?cid=14306420111514473757&g_mp=Cidnb29nbGUubWFwcy5wbGFjZXMudjEuUGxhY2VzLlNlYXJjaFRleHQQAhgEIAA,4.6,166,general_contractor,fail,multi-location site; not clearly HVAC/plumbing
ChIJX_IfMevzOIgRDGW_oCSJCpM,Lowder Sales Inc,plumbing,"621 Bear Run Ln, Lewis Center, OH 43035, USA",6.9,(614) 451-7255,https://www.lowdersales.com/,https://maps.google.com/?cid=10595431863751238924&g_mp=Cidnb29nbGUubWFwcy5wbGFjZXMudjEuUGxhY2VzLlNlYXJjaFRleHQQAhgEIAA,4.7,6,plumber,fail,too few reviews; not clearly HVAC/plumbing
ChIJbRoOOuvzOIgRx4BYQcDqC8s,Columbus Bath Design,plumbing,"8596 Cotter St, Lewis Center, OH 43035, USA",6.9,(614) 907-4558,https://www.columbusbathdesign.com/,https://maps.google.com/?cid=14631045925894127815&g_mp=Cidnb29nbGUubWFwcy5wbGFjZXMudjEuUGxhY2VzLlNlYXJjaFRleHQQAhgEIAA,4.7,141,general_contractor,fail,not clearly HVAC/plumbing
ChIJT-pWku6JOIgRrX4JbzCJMkY,CJS Heating and Air,hvac,"2218 Dividend Dr, Columbus, OH 43228, USA",7.0,(614) 333-8865,https://cjsheatingandair.com/?utm_source=google-gbp&utm_medium=organic&utm_campaign=*499*cjs-columbus,https://maps.google.com/?cid=5058256172604817069&g_mp=Cidnb29nbGUubWFwcy5wbGFjZXMudjEuUGxhY2VzLlNlYXJjaFRleHQQAhgEIAA,4.8,1585,general_contractor,fail,likely too large
ChIJ_aZ90amROIgR6Gv_Q9F1vrE,Service Experts Columbus,hvac,"4247 Diplomacy Dr, Columbus, OH 43228, USA",7.0,(614) 810-8981,https://www.serviceexperts.com/columbus-oh/?utm_source=gbp&utm_medium=organic&utm_campaign=brand,https://maps.google.com/?cid=12807803931937696744&g_mp=Cidnb29nbGUubWFwcy5wbGFjZXMudjEuUGxhY2VzLlNlYXJjaFRleHQQAhgEIAA,4.8,741,general_contractor,fail,franchise/national brand; likely too large; not clearly HVAC/plumbing
ChIJzRyQb-bzOIgRiYdHblPPj4Q,Mission Mechanical,hvac+plumbing,"8185 Green Meadows Dr Ste Q, Lewis Center, OH 43035, USA",7.3,(614) 732-7453,,https://maps.google.com/?cid=9552081291915528073&g_mp=Cidnb29nbGUubWFwcy5wbGFjZXMudjEuUGxhY2VzLlNlYXJjaFRleHQQAhgEIAA,4.5,30,general_contractor,fail,no website
ChIJ3yMB76EKYQER0MCAlVwvmtM,Dryer Vent Cleaning of Columbus,hvac,"4263 Scioto Pkwy, Powell, OH 43065, USA",7.3,(614) 937-0437,https://dryerventcleaningofcolumbus.com/,https://maps.google.com/?cid=15247551563107975376&g_mp=Cidnb29nbGUubWFwcy5wbGFjZXMudjEuUGxhY2VzLlNlYXJjaFRleHQQAhgEIAA,4.9,77,service,fail,not clearly HVAC/plumbing
ChIJ7SeCb-bzOIgRcUF1qHxBOHo,Air Dimensions Inc,hvac,"8185 Green Meadows Dr A, Lewis Center, OH 43035, USA",7.3,(614) 891-3408,http://airdimensionsinc.com/,https://maps.google.com/?cid=8806861074981011825&g_mp=Cidnb29nbGUubWFwcy5wbGFjZXMudjEuUGxhY2VzLlNlYXJjaFRleHQQAhgEIAA,3.6,8,general_contractor,fail,too few reviews; low rating
ChIJif0Ga0XzOIgRUhLjh2BQqoE,Sure Plumbing,plumbing,"8185 Green Meadows Dr C, Lewis Center, OH 43035, USA",7.3,(614) 502-5449,,https://maps.google.com/?cid=9343368752460403282&g_mp=Cidnb29nbGUubWFwcy5wbGFjZXMudjEuUGxhY2VzLlNlYXJjaFRleHQQAhgEIAA,0,0,plumber,fail,too few reviews; no website
ChIJOWDB1APxOIgRHBugwoVylCg,Absolute Contracting Plus,hvac,"8185 Green Meadows Dr F, Lewis Center, OH 43035, USA",7.4,(614) 935-4774,,https://maps.google.com/?cid=2924087976891783964&g_mp=Cidnb29nbGUubWFwcy5wbGFjZXMudjEuUGxhY2VzLlNlYXJjaFRleHQQAhgEIAA,4.8,19,roofing_contractor,fail,no website; not clearly HVAC/plumbing; category: roofing_contractor
ChIJK__J2VGXOIgR37-vJtSXIZI,"Aljaber, LLC",plumbing,"2595 Quarry Stone Dr, Hilliard, OH 43026, USA",7.4,(614) 902-9831,,https://maps.google.com/?cid=10529864341206843359&g_mp=Cidnb29nbGUubWFwcy5wbGFjZXMudjEuUGxhY2VzLlNlYXJjaFRleHQQAhgEIAA,0,0,service,fail,too few reviews; no website; not clearly HVAC/plumbing
ChIJGf1SX6DzOIgRHY5wFPQFduc,Lewis Center City HVAC Star,hvac,"847 Little Bear Loop, Lewis Center, OH 43035, USA",7.5,(740) 410-9858,,https://maps.google.com/?cid=16678524815886290461&g_mp=Cidnb29nbGUubWFwcy5wbGFjZXMudjEuUGxhY2VzLlNlYXJjaFRleHQQAhgEIAA,5,1,,fail,too few reviews; no website
ChIJbWbYKS3zOIgRz7lfKWSpVdA,AllPhase Restoration,hvac+plumbing,"7719 Graphics Wy., Lewis Center, OH 43035, USA",7.5,(740) 831-2710,https://allphaserestore.com/water-damage-restoration/lewis-center/?utm_source=GMB&utm_medium=local&utm_campaign=lewis-center,https://maps.google.com/?cid=15012091180565379535&g_mp=Cidnb29nbGUubWFwcy5wbGFjZXMudjEuUGxhY2VzLlNlYXJjaFRleHQQAhgEIAA,4.4,464,general_contractor,fail,not clearly HVAC/plumbing
ChIJgZ8J34eROIgRJ8Z98SoM1R4,"Bassett Services: Heating, Cooling, Plumbing, & Electrical",hvac+plumbing,"4171 Arlingate Plaza, Columbus, OH 43228, USA",7.6,(614) 344-6330,https://bassettservices.com/columbus/?utm_source=google-gbp&utm_medium=organic&utm_campaign=*42*bassett-services-columbus,https://maps.google.com/?cid=2221695369756919335&g_mp=Cidnb29nbGUubWFwcy5wbGFjZXMudjEuUGxhY2VzLlNlYXJjaFRleHQQAhgEIAA,4.7,896,general_contractor,fail,likely too large
ChIJieQCqubzOIgRB27u7ZGuYLo,US Heating and Air Conditioning,hvac+plumbing,"1016 E Orange Rd, Lewis Center, OH 43035, USA",7.6,(614) 888-7332,https://usheating.com/,https://maps.google.com/?cid=13429926030604135943&g_mp=Cidnb29nbGUubWFwcy5wbGFjZXMudjEuUGxhY2VzLlNlYXJjaFRleHQQAhgEIAA,4.7,777,general_contractor,fail,likely too large
ChIJh80N0d_zOIgRZbufj8UjfZ0,"Libb Company, Inc.",hvac+plumbing,"7860 N Central Dr, Lewis Center, OH 43035, USA",7.6,(740) 549-1516,https://libbco.com/,https://maps.google.com/?cid=11348265967468657509&g_mp=Cidnb29nbGUubWFwcy5wbGFjZXMudjEuUGxhY2VzLlNlYXJjaFRleHQQAhgEIAA,5,2,wholesaler,fail,too few reviews; not clearly HVAC/plumbing; category: wholesaler
ChIJN38dBaPzOIgRYbpIn4GK2-k,Vaughn Industries,plumbing,"7749 Green Meadows Dr, Lewis Center, OH 43035, USA",7.6,(419) 396-3900,https://vaughnindustries.com/contact-us/,https://maps.google.com/?cid=16851214720064600673&g_mp=Cidnb29nbGUubWFwcy5wbGFjZXMudjEuUGxhY2VzLlNlYXJjaFRleHQQAhgEIAA,4,4,general_contractor,fail,too few reviews; not clearly HVAC/plumbing
ChIJ0fd50TKJOIgRcIswOuPVtZQ,Mid LLC,hvac,"1711 Arlingate Ln, Columbus, OH 43228, USA",7.7,(614) 291-4664,https://midohioac.com/,https://maps.google.com/?cid=10715706060308515696&g_mp=Cidnb29nbGUubWFwcy5wbGFjZXMudjEuUGxhY2VzLlNlYXJjaFRleHQQAhgEIAA,3.6,19,general_contractor,fail,low rating; not clearly HVAC/plumbing
ChIJg2eRDRBmOacRJiwjUSWlzvs,CFC Contracting,plumbing,"7500 Green Meadows Dr #2309, Lewis Center, OH 43035, USA",7.7,(614) 404-9550,https://www.cfccontractingohio.com/,https://maps.google.com/?cid=18144621528415939622&g_mp=Cidnb29nbGUubWFwcy5wbGFjZXMudjEuUGxhY2VzLlNlYXJjaFRleHQQAhgEIAA,5,47,general_contractor,fail,not clearly HVAC/plumbing
ChIJUWv0T3rzOIgRPEYm4DUhEiQ,Operation Restoration,plumbing,"7500 Green Meadows Dr #8106, Lewis Center, OH 43035, USA",7.7,(866) 923-1932,https://orcolumbus.com/?utm_campaign=gmb,https://maps.google.com/?cid=2599176450223785532&g_mp=Cidnb29nbGUubWFwcy5wbGFjZXMudjEuUGxhY2VzLlNlYXJjaFRleHQQAhgEIAA,4.8,86,general_contractor,fail,not clearly HVAC/plumbing
ChIJVVVVVciOOIgRw1hOIaJAv14,Big Walnut Heating & Cooling,hvac,"N/A, Columbus, OH 43201, USA",7.8,(614) 327-1310,https://www.bigwalnutheating.com/,https://maps.google.com/?cid=6827246625204623555&g_mp=Cidnb29nbGUubWFwcy5wbGFjZXMudjEuUGxhY2VzLlNlYXJjaFRleHQQAhgEIAA,5,4,general_contractor,fail,too few reviews
ChIJXdMsGreWOIgRJf4kdUw_TFQ,DrainMaster,plumbing,"4696 Trabue Rd, Columbus, OH 43228, USA",7.9,(614) 276-1510,https://www.drainmasterohio.com/?utm_source=google&utm_medium=organic&utm_campaign=gbp_columbus,https://maps.google.com/?cid=6074299595031379493&g_mp=Cidnb29nbGUubWFwcy5wbGFjZXMudjEuUGxhY2VzLlNlYXJjaFRleHQQAhgEIAA,4.9,822,plumber,fail,likely too large
ChIJT_J6xe3vOIgR3Vv9C5G0Gqc,"Bassett Services: Heating, Cooling, Plumbing & Electrical (Discount Drains)",hvac+plumbing,"643 Corduroy Rd Unit B, Lewis Center, OH 43035, USA",8.0,(614) 333-9366,https://bassettservices.com/lewis-center/?utm_source=google-gbp&utm_medium=organic&utm_campaign=*36*bassett-services-lewis-center,https://maps.google.com/?cid=12041135088792853469&g_mp=Cidnb29nbGUubWFwcy5wbGFjZXMudjEuUGxhY2VzLlNlYXJjaFRleHQQAhgEIAA,4.7,987,plumber,fail,likely too large
ChIJ_VmOfvKROIgRdtRVrLRCNdA,Hansel's Septic Tank Service,plumbing,"4835 Trabue Rd, Columbus, OH 43228, USA",8.0,(614) 853-0377,http://hanselsseptictankservice.com/,https://maps.google.com/?cid=15002971077407528054&g_mp=Cidnb29nbGUubWFwcy5wbGFjZXMudjEuUGxhY2VzLlNlYXJjaFRleHQQAhgEIAA,4.8,41,service,fail,not clearly HVAC/plumbing
ChIJG-EG4lntOIgRXFta9ChLO3Y,Environmental Air Inc,hvac,"125 W Main St, Plain City, OH 43064, USA",8.1,(866) 332-0851,,https://maps.google.com/?cid=8519485759371762524&g_mp=Cidnb29nbGUubWFwcy5wbGFjZXMudjEuUGxhY2VzLlNlYXJjaFRleHQQAhgEIAA,3.8,10,general_contractor,fail,no website
ChIJx5n5XFb0OIgRpkqAazkXjug,Olentangy Heating & Cooling Westerville,hvac,"786 Tree Bend Dr, Westerville, OH 43082, USA",8.7,(614) 826-6466,https://www.westervilleheatcool.com/,https://maps.google.com/?cid=16757356798876338854&g_mp=Cidnb29nbGUubWFwcy5wbGFjZXMudjEuUGxhY2VzLlNlYXJjaFRleHQQAhgEIAA,5,3,general_contractor,fail,too few reviews
ChIJtcsmPZdYOIgRTGPAfLx2G-Q,My Handyman,hvac+plumbing,"6330 2nd St, Lewis Center, OH 43035, USA",8.7,(614) 419-2676,,https://maps.google.com/?cid=16436861816937669452&g_mp=Cidnb29nbGUubWFwcy5wbGFjZXMudjEuUGxhY2VzLlNlYXJjaFRleHQQAhgEIAA,4.6,31,general_contractor,fail,no website; not clearly HVAC/plumbing
ChIJBZoffyeLOIgR0-HEZf6c2Nk,Miller-Ranney Plumbing,plumbing,"5474 Cleveland Ave, Columbus, OH 43231, USA",8.7,(614) 890-2130,,https://maps.google.com/?cid=15697469117642891731&g_mp=Cidnb29nbGUubWFwcy5wbGFjZXMudjEuUGxhY2VzLlNlYXJjaFRleHQQAhgEIAA,3.6,43,plumber,fail,low rating; no website
ChIJ-X6TBYm_OIgR1MI1C_cLYnc,Plain City Plumbing Inc,hvac+plumbing,"740 W Main St, Plain City, OH 43064, USA",8.8,(614) 873-8012,,https://maps.google.com/?cid=8602451393903968980&g_mp=Cidnb29nbGUubWFwcy5wbGFjZXMudjEuUGxhY2VzLlNlYXJjaFRleHQQAhgEIAA,4.8,17,plumber,fail,no website
ChIJqchESaO_OIgREhhMiqypAIY,Yutzy Bros,hvac+plumbing,"10016 US-42, Plain City, OH 43064, USA",9.0,(614) 873-4868,https://yutzybrothers.com/,https://maps.google.com/?cid=9655904159602055186&g_mp=Cidnb29nbGUubWFwcy5wbGFjZXMudjEuUGxhY2VzLlNlYXJjaFRleHQQAhgEIAA,4.9,120,,fail,not clearly HVAC/plumbing
ChIJ9ahswKuLOIgR5oqOGA8LliE,Sears Heating and Cooling,hvac,"3981 Cleveland Ave, Columbus, OH 43224, USA",9.1,(614) 475-1800,https://www.searsheatingcooling.com/,https://maps.google.com/?cid=2420134009222630118&g_mp=Cidnb29nbGUubWFwcy5wbGFjZXMudjEuUGxhY2VzLlNlYXJjaFRleHQQAhgEIAA,4.9,2734,general_contractor,fail,franchise/national brand; likely too large
ChIJVVVR5QLAOIgR05vjl9L5CG4,"R & T Yoder HVAC, Inc - Columbus",hvac,"1581 N High St Ste109C, Columbus, OH 43201, USA",9.2,(614) 873-5694,https://www.yoderhvac.com/,https://maps.google.com/?cid=7928861826872482771&g_mp=Cidnb29nbGUubWFwcy5wbGFjZXMudjEuUGxhY2VzLlNlYXJjaFRleHQQAhgEIAA,4.9,60,general_contractor,fail,franchise/national brand
ChIJaUiD6tSlwoARGAruNgTlnmY,"R & T Yoder Plumbing, Inc - Columbus",plumbing,"1581 N High St Ste109B, Columbus, OH 43201, USA",9.2,(614) 683-4504,https://www.rtyoder.com/plumber-columbus-ohio/,https://maps.google.com/?cid=7394599444453132824&g_mp=Cidnb29nbGUubWFwcy5wbGFjZXMudjEuUGxhY2VzLlNlYXJjaFRleHQQAhgEIAA,4.9,27,plumber,fail,franchise/national brand
ChIJha3P88fLwoARd92ZY6awv7M,Plumbing Columbus & Drainage Clean,plumbing,"4300 Janitrol Rd #110, Columbus, OH 43228, USA",9.4,(380) 234-4382,,https://maps.google.com/?cid=12952265282022923639&g_mp=Cidnb29nbGUubWFwcy5wbGFjZXMudjEuUGxhY2VzLlNlYXJjaFRleHQQAhgEIAA,5,15,plumber,fail,no website
ChIJVVVZm6mLOIgRf77DJlzkHSY,Columbus Heating And Cooling Pros,hvac,"2250 Homestead Dr, Columbus, OH 43211, USA",9.5,(614) 295-9040,,https://maps.google.com/?cid=2746602432204357247&g_mp=Cidnb29nbGUubWFwcy5wbGFjZXMudjEuUGxhY2VzLlNlYXJjaFRleHQQAhgEIAA,4.7,36,general_contractor,fail,no website
ChIJP193d_48OIgRbEgOwFQ6hu4,"Bassett Services: Heating, Cooling, Plumbing, & Electrical",hvac+plumbing,"2582 Cleveland Ave, Columbus, OH 43211, USA",9.6,(740) 204-5960,https://bassettservices.com/columbus/?utm_source=google-gbp&utm_medium=organic&utm_campaign=*41*bassett-services-columbus,https://maps.google.com/?cid=17187489163579902060&g_mp=Cidnb29nbGUubWFwcy5wbGFjZXMudjEuUGxhY2VzLlNlYXJjaFRleHQQAhgEIAA,4.7,2026,general_contractor,fail,likely too large
ChIJq6peMOyKOIgRaQ1eNAkvrrA,D & D Plumbing,plumbing,"3220 Valley Park Ave, Columbus, OH 43231, USA",9.8,(380) 220-8300,,https://maps.google.com/?cid=12731164913202761065&g_mp=Cidnb29nbGUubWFwcy5wbGFjZXMudjEuUGxhY2VzLlNlYXJjaFRleHQQAhgEIAA,4.8,112,plumber,fail,no website
ChIJcfoeDd31OIgRBL4ViXc8PFI,"Eco Plumbers, Electricians, and HVAC Technicians",plumbing,"27 E Home St, Westerville, OH 43081, USA",9.9,(614) 665-5197,https://geteco.com/?utm_source=GMB&utm_medium=organic&utm_campaign=westerville,https://maps.google.com/?cid=5925677693811408388&g_mp=Cidnb29nbGUubWFwcy5wbGFjZXMudjEuUGxhY2VzLlNlYXJjaFRleHQQAhgEIAA,4.9,1490,plumber,fail,likely too large
ChIJHS6CBLiLOIgRBSyrqUgwkgk,Safe Electric and Plumbing,plumbing,"3208 Morse Rd, Columbus, OH 43231, USA",9.9,(614) 267-4111,https://callsafe.com/?utm_source=GBP&utm_medium=organic,https://maps.google.com/?cid=689666781583453189&g_mp=Cidnb29nbGUubWFwcy5wbGFjZXMudjEuUGxhY2VzLlNlYXJjaFRleHQQAhgEIAA,4.9,2904,electrician,fail,likely too large; category: electrician
ChIJP_ocN9r6OIgRb6rzGspkvRQ,Amanda Plumbing,plumbing,"4425 Columbus Pike, Delaware, OH 43015, USA",10.0,(740) 369-5161,https://www.amandaplumbing.com/,https://maps.google.com/?cid=1494461470555220591&g_mp=Cidnb29nbGUubWFwcy5wbGFjZXMudjEuUGxhY2VzLlNlYXJjaFRleHQQAhgEIAA,4.8,1216,plumber,fail,likely too large
ChIJIfTAzB8F2wMRcaFHSmt7PJk,"YA Services Heating, Cooling, Appliance and Plumbing",hvac,"3310 Morse Rd #118, Columbus, OH 43231, USA",10.1,(614) 440-4044,https://yahomeservices.com/,https://maps.google.com/?cid=11041836087143539057&g_mp=Cidnb29nbGUubWFwcy5wbGFjZXMudjEuUGxhY2VzLlNlYXJjaFRleHQQAhgEIAA,4.9,980,general_contractor,fail,likely too large
ChIJIaZsOHP1OIgRQoRbFMNJs4M,Jack L Woods Plumbing Co Inc,plumbing,"130 E Home St, Westerville, OH 43081, USA",10.1,(614) 882-9700,,https://maps.google.com/?cid=9490009942008759362&g_mp=Cidnb29nbGUubWFwcy5wbGFjZXMudjEuUGxhY2VzLlNlYXJjaFRleHQQAhgEIAA,4.3,190,plumber,fail,no website
ChIJRYrUz8_1OIgRkIuGqBC2_gE,TropiCool Heating Air Conditioning Plumbing,hvac+plumbing,"275 Old County Line Rd P, Westerville, OH 43081, USA",10.3,(614) 505-9805,https://calltropicool.com/,https://maps.google.com/?cid=143752420785556368&g_mp=Cidnb29nbGUubWFwcy5wbGFjZXMudjEuUGxhY2VzLlNlYXJjaFRleHQQAhgEIAA,4.8,249,general_contractor,fail,duplicate listing of TropiCool Heating Air Conditioning Plumbing
ChIJZTxBlmSJOIgRBb61gMZJOgU,Columbus Plumbing Company,plumbing,"1373 McKinley Ave, Columbus, OH 43222, USA",10.4,(614) 314-7411,,https://maps.google.com/?cid=376694635750604293&g_mp=Cidnb29nbGUubWFwcy5wbGFjZXMudjEuUGxhY2VzLlNlYXJjaFRleHQQAhgEIAA,3.9,21,plumber,fail,no website
ChIJeQ-9HACPOIgR4nRP-JnrY4A,Serene HVAC Repair Columbus,hvac,"487 School St, Columbus, OH 43215, USA",10.5,(614) 587-4880,,https://maps.google.com/?cid=9251497106077611234&g_mp=Cidnb29nbGUubWFwcy5wbGFjZXMudjEuUGxhY2VzLlNlYXJjaFRleHQQAhgEIAA,5,1,general_contractor,fail,too few reviews; no website
ChIJq6oaKZX1OIgRpetTm-k01Ow,"CARE, Inc.",hvac,"5750 Chandler Ct, Westerville, OH 43082, USA",10.6,(614) 841-1555,https://www.careheatingcooling.com/?utm_source=google&utm_medium=organic&utm_campaign=gbp,https://maps.google.com/?cid=17065323065951644581&g_mp=Cidnb29nbGUubWFwcy5wbGFjZXMudjEuUGxhY2VzLlNlYXJjaFRleHQQAhgEIAA,4.9,4041,general_contractor,fail,likely too large
ChIJbWX3AgCPOIgRwZWhuevHPTY,Refine HVAC Repair Columbus,hvac,"37 N Front St, Columbus, OH 43215, USA",10.7,(614) 210-3506,,https://maps.google.com/?cid=3908499866873075137&g_mp=Cidnb29nbGUubWFwcy5wbGFjZXMudjEuUGxhY2VzLlNlYXJjaFRleHQQAhgEIAA,5,1,general_contractor,fail,too few reviews; no website
ChIJXSHsduOROIgR_ZKE8CmLE10,Roto-Rooter Plumbing & Water Cleanup,plumbing,"455 Industrial Mile Rd # D4, Columbus, OH 43228, USA",10.7,(614) 328-4221,https://www.rotorooter.com/westcolumbus/?utm_source=Google&utm_medium=organic&utm_campaign=gmb&utm_content=website,https://maps.google.com/?cid=6706857282329940733&g_mp=Cidnb29nbGUubWFwcy5wbGFjZXMudjEuUGxhY2VzLlNlYXJjaFRleHQQAhgEIAA,4.8,1971,plumber,fail,franchise/national brand; likely too large
ChIJVVVFBm_1OIgRh1x4RJ5YeUw,Heating & Air Conditioning Systems,hvac,"6566 Charles Rd, Westerville, OH 43082, USA",11.3,(614) 882-2747,https://heatingandacsystems.com/contact-us/,https://maps.google.com/?cid=5510533055841328263&g_mp=Cidnb29nbGUubWFwcy5wbGFjZXMudjEuUGxhY2VzLlNlYXJjaFRleHQQAhgEIAA,5,2,general_contractor,fail,too few reviews
ChIJVT8d4n6KOIgRIAHLGEGieBs,Dor-Mar Columbus Heating And Air,hvac,"20 S 3rd St Ste 210, Columbus, OH 43215, USA",11.3,(614) 238-6689,https://www.dormarhvac.com/locations/franklin-county/columbus/,https://maps.google.com/?cid=1979510436701864224&g_mp=Cidnb29nbGUubWFwcy5wbGFjZXMudjEuUGxhY2VzLlNlYXJjaFRleHQQAhgEIAA,4.8,592,general_contractor,fail,multi-location site
ChIJzSt84Vy_OIgRJ5uV-CX2qEg,Vertek Hvac,hvac,"9922 Amish Pike, Plain City, OH 43064, USA",11.4,(614) 499-8735,https://www.vertekhvac.com/,https://maps.google.com/?cid=5235705209762978599&g_mp=Cidnb29nbGUubWFwcy5wbGFjZXMudjEuUGxhY2VzLlNlYXJjaFRleHQQAhgEIAA,5,1,general_contractor,fail,too few reviews
ChIJobF5ay2_OIgRElT_UIUHUpw,Gingerich Clean Burn,hvac,"9922 Amish Pike, Plain City, OH 43064, USA",11.4,(614) 873-3481,http://www.gingerichcleanburn.com/,https://maps.google.com/?cid=11264073887177987090&g_mp=Cidnb29nbGUubWFwcy5wbGFjZXMudjEuUGxhY2VzLlNlYXJjaFRleHQQAhgEIAA,4.9,30,store,fail,not clearly HVAC/plumbing; category: store
ChIJf79-JdCPOIgROyLYN6qGQHY,Rescue Rooter,plumbing,"21 E State St #200, Columbus, OH 43215, USA",11.4,(614) 965-6162,https://www.ars.com/columbus?utm_source=google&utm_medium=gbp&utm_campaign=local_seo&utm_content=gbp_website_click,https://maps.google.com/?cid=8520958560624452155&g_mp=Cidnb29nbGUubWFwcy5wbGFjZXMudjEuUGxhY2VzLlNlYXJjaFRleHQQAhgEIAA,4.3,115,plumber,fail,franchise/national brand
ChIJ4UExawCPOIgRDSWvNeLVLmg,FastChoice HVAC Repair Columbus,hvac,"444 S Front St, Columbus, OH 43215, USA",11.8,(380) 247-3233,,https://maps.google.com/?cid=7507172796413191437&g_mp=Cidnb29nbGUubWFwcy5wbGFjZXMudjEuUGxhY2VzLlNlYXJjaFRleHQQAhgEIAA,5,2,general_contractor,fail,too few reviews; no website
ChIJaZx5fT6JOIgRwHlCCOqjYiE,Columbus Heating & Air Conditioning LLC,hvac,"437 E Mound St, Columbus, OH 43215, USA",12.0,(380) 247-1857,,https://maps.google.com/?cid=2405665376525515200&g_mp=Cidnb29nbGUubWFwcy5wbGFjZXMudjEuUGxhY2VzLlNlYXJjaFRleHQQAhgEIAA,5,1,general_contractor,fail,too few reviews; no website
ChIJ1yFTHQCPOIgRGRr4f1mAgWY,Columbus HVAC Repair,hvac,"646 S Pearl St, Columbus, OH 43206, USA",12.1,(380) 249-2874,,https://maps.google.com/?cid=7386325985751734809&g_mp=Cidnb29nbGUubWFwcy5wbGFjZXMudjEuUGxhY2VzLlNlYXJjaFRleHQQAhgEIAA,5,4,general_contractor,fail,12.1 mi away; too few reviews; no website
ChIJH14CGuaJOIgRc_ksQtliIjg,Bexley Heating & Cooling,hvac,"655 N Cassady Ave Ste 5, Columbus, OH 43219, USA",12.5,(614) 333-9943,https://www.bexleyheatingandcooling.com/,https://maps.google.com/?cid=4044904100589795699&g_mp=Cidnb29nbGUubWFwcy5wbGFjZXMudjEuUGxhY2VzLlNlYXJjaFRleHQQAhgEIAA,4.9,50,general_contractor,fail,12.5 mi away
ChIJwdmxidd9OIgRPW-3GuFW-Zg,1-Tom-Plumber,plumbing,"2967 E 6th Ave Ste 102, Columbus, OH 43219, USA",12.7,(614) 634-9955,https://www.1tomplumber.com/columbusoh/,https://maps.google.com/?cid=11022937087781859133&g_mp=Cidnb29nbGUubWFwcy5wbGFjZXMudjEuUGxhY2VzLlNlYXJjaFRleHQQAhgEIAA,4.9,642,plumber,fail,12.7 mi away
ChIJYfAnTLJhOIgRhOCWE7DpViw,Parson Plumbing and Drains,plumbing,"2889 Johnstown Rd Suite C, Columbus, OH 43219, USA",12.7,(614) 916-8632,https://www.parson-plumbing.com/?utm_source=google&utm_medium=organic&utm_campaign=gmb,https://maps.google.com/?cid=3194997928118116484&g_mp=Cidnb29nbGUubWFwcy5wbGFjZXMudjEuUGxhY2VzLlNlYXJjaFRleHQQAhgEIAA,5,759,plumber,fail,12.7 mi away; likely too large
ChIJNYPo67aPOIgRk5cg0s6IzAs,MB Plumbing,plumbing,"1182 S Front St, Columbus, OH 43206, USA",12.7,(614) 928-3526,https://mb-columbus.com/plumbing/,https://maps.google.com/?cid=850204851536172947&g_mp=Cidnb29nbGUubWFwcy5wbGFjZXMudjEuUGxhY2VzLlNlYXJjaFRleHQQAhgEIAA,5,21,plumber,fail,12.7 mi away
ChIJrx0SrRu8RqoRhF4cAizxb0c,Mayfield Plumbing And Excavation,plumbing,"1340 Emig Rd, Columbus, OH 43223, USA",12.7,(614) 321-7007,https://www.mayfieldplumbing614.com/,https://maps.google.com/?cid=5147598070424034948&g_mp=Cidnb29nbGUubWFwcy5wbGFjZXMudjEuUGxhY2VzLlNlYXJjaFRleHQQAhgEIAA,4.9,59,plumber,fail,12.7 mi away
ChIJmRDBgJFiOIgRfeHv2VxdxOo,TropiCool Heating Air Conditioning Plumbing,hvac,"404 Holtzman Ave, Columbus, OH 43205, USA",13.1,(614) 231-7401,https://calltropicool.com/near-me-hvac-contractor-bexley-oh/,https://maps.google.com/?cid=16916748753685176701&g_mp=Cidnb29nbGUubWFwcy5wbGFjZXMudjEuUGxhY2VzLlNlYXJjaFRleHQQAhgEIAA,4.9,34,service,fail,13.1 mi away
ChIJW5sPMg2FOIgRI-P1j2kA6yk,"The Waterworks Plumbing, Drain, Heating & Cooling",plumbing,"1999 Longwood Ave, Grove City, OH 43123, USA",13.2,(614) 300-6225,https://thewaterworks.com/?utm_source=2060digital&utm_medium=localseo&utm_campaign=grovecity,https://maps.google.com/?cid=3020508428468871971&g_mp=Cidnb29nbGUubWFwcy5wbGFjZXMudjEuUGxhY2VzLlNlYXJjaFRleHQQAhgEIAA,4.8,570,plumber,fail,13.2 mi away
ChIJFQ2kc0AP804RJaJH-S8bIpI,Royal Plumbing Pros,plumbing,"1515 S High St, Columbus, OH 43207, USA",13.2,(614) 999-2229,https://royalplumbingohio.com/,https://maps.google.com/?cid=10530008771605275173&g_mp=Cidnb29nbGUubWFwcy5wbGFjZXMudjEuUGxhY2VzLlNlYXJjaFRleHQQAhgEIAA,5,37,plumber,fail,13.2 mi away
ChIJ_1gYRNePOIgRIITZ4VAURKs,Roto-Rooter Plumbing & Water Cleanup of Columbus,plumbing,"4480 Bridgeway Ave Ste B, Columbus, OH 43219, USA",13.4,(614) 351-5181,https://www.rotorooter.com/columbus/?utm_source=Google&utm_medium=organic&utm_campaign=gmb&utm_content=website,https://maps.google.com/?cid=12341011216521069600&g_mp=Cidnb29nbGUubWFwcy5wbGFjZXMudjEuUGxhY2VzLlNlYXJjaFRleHQQAhgEIAA,4.8,7100,plumber,fail,13.4 mi away; franchise/national brand; likely too large
ChIJuyttSUxeOIgRKTkSeAs8mbQ,D&L Plumbing,plumbing,"4736 E Walnut St, Westerville, OH 43081, USA",13.4,(614) 882-8281,https://dl-plumbing.com/,https://maps.google.com/?cid=13013498618220525865&g_mp=Cidnb29nbGUubWFwcy5wbGFjZXMudjEuUGxhY2VzLlNlYXJjaFRleHQQAhgEIAA,4.3,58,plumber,fail,13.4 mi away
ChIJA8GE-QqFOIgRnjQQlauyMMI,Chuck's Septic Tank Sewer & Drain Cleaning Inc.,plumbing,"2136 Hardy Pkwy, Grove City, OH 43123, USA",13.5,(614) 875-9508,http://www.chucksseptictank.com/,https://maps.google.com/?cid=13992880492250150046&g_mp=Cidnb29nbGUubWFwcy5wbGFjZXMudjEuUGxhY2VzLlNlYXJjaFRleHQQAhgEIAA,4.5,139,service,fail,13.5 mi away; adjacent trade
ChIJSYEslg-bOIgRa9v3uDv87tI,JA Mechanical LLC,plumbing,"1285 Studer Ave, Columbus, OH 43206, USA",13.6,(740) 518-3575,https://jamechanicalllc.org/,https://maps.google.com/?cid=15199363125858524011&g_mp=Cidnb29nbGUubWFwcy5wbGFjZXMudjEuUGxhY2VzLlNlYXJjaFRleHQQAhgEIAA,5,99,plumber,fail,13.6 mi away
ChIJTfqXO3uJOIgRiuR6OWTiAGM,Calhoun Plumbing,plumbing,"959 Frebis Ave, Columbus, OH 43206, USA",13.7,(614) 444-1995,https://www.calhounplumbing.com/,https://maps.google.com/?cid=7133950729843827850&g_mp=Cidnb29nbGUubWFwcy5wbGFjZXMudjEuUGxhY2VzLlNlYXJjaFRleHQQAhgEIAA,3.5,108,plumber,fail,13.7 mi away; low rating
ChIJp6S3RBthOIgRVtoBgGGg1_k,"Eco Plumbers, Electricians, and HVAC Technicians",plumbing,"428 Beecher Rd Suite C, Gahanna, OH 43230, USA",13.7,(614) 665-5197,https://www.geteco.com/?utm_source=GMB&utm_medium=organic&utm_campaign=ghanna,https://maps.google.com/?cid=18003034376056724054&g_mp=Cidnb29nbGUubWFwcy5wbGFjZXMudjEuUGxhY2VzLlNlYXJjaFRleHQQAhgEIAA,4.8,750,plumber,fail,13.7 mi away; likely too large
ChIJuWiTgsH7OIgR84Fk8dhoiyw,Delaware Heating & Air,hvac,"2 W Winter St Ste 206, Delaware, OH 43015, USA",14.1,(740) 314-4279,https://www.delawareairandheat.com/,https://maps.google.com/?cid=3209774440403730931&g_mp=Cidnb29nbGUubWFwcy5wbGFjZXMudjEuUGxhY2VzLlNlYXJjaFRleHQQAhgEIAA,4.9,499,general_contractor,fail,14.1 mi away
ChIJa0OUMoGIOIgRaHCAjzZmK3U,"Fritz Baumann & Sons, Inc.",plumbing,"1540 E Gates St, Columbus, OH 43206, USA",14.1,(614) 444-5522,http://fritzbaumannplumbinginc.com/,https://maps.google.com/?cid=8442954310957953128&g_mp=Cidnb29nbGUubWFwcy5wbGFjZXMudjEuUGxhY2VzLlNlYXJjaFRleHQQAhgEIAA,4.7,296,plumber,fail,14.1 mi away
ChIJY8W6jQH7OIgR-Ox9SpHBmL0,"Eco Plumbers, Electricians, and HVAC Technicians",plumbing,"599 Sunbury Rd, Delaware, OH 43015, USA",14.1,(614) 665-5197,https://www.geteco.com/?utm_source=GMB&utm_medium=organic&utm_campaign=delaware,https://maps.google.com/?cid=13661882299392584952&g_mp=Cidnb29nbGUubWFwcy5wbGFjZXMudjEuUGxhY2VzLlNlYXJjaFRleHQQAhgEIAA,4.9,1204,plumber,fail,14.1 mi away; likely too large
ChIJW6HaP2leOIgR-cboUWxUuc4,"Eaton Plumbing, Inc.",plumbing,"5600 E Walnut St, Westerville, OH 43081, USA",14.6,(614) 891-7005,http://www.eatonplumbing.com/,https://maps.google.com/?cid=14896030066712037113&g_mp=Cidnb29nbGUubWFwcy5wbGFjZXMudjEuUGxhY2VzLlNlYXJjaFRleHQQAhgEIAA,4.7,174,plumber,fail,14.6 mi away
ChIJgf_yGjCbOIgRAMmHfVoerak,Fast Response Heating & Cooling,hvac,"3739 Broadway, Grove City, OH 43123, USA",14.7,(800) 243-7592,http://fastresponseservice.com/,https://maps.google.com/?cid=12226461937382705408&g_mp=Cidnb29nbGUubWFwcy5wbGFjZXMudjEuUGxhY2VzLlNlYXJjaFRleHQQAhgEIAA,4.5,1813,general_contractor,fail,14.7 mi away; likely too large
ChIJjQMCVCV0OIgRthHfdbvCxQA,Peterman Brothers,hvac,"2005 Progress Ave, Columbus, OH 43207, USA",14.8,(740) 325-3597,https://petermanhvac.com/columbus-ohio/?utm_source=gmb-lancaster&utm_medium=organic,https://maps.google.com/?cid=55664680804225462&g_mp=Cidnb29nbGUubWFwcy5wbGFjZXMudjEuUGxhY2VzLlNlYXJjaFRleHQQAhgEIAA,4.7,490,general_contractor,fail,14.8 mi away
ChIJAUoIwBteOIgRzMIqDZj2R6Q,Wise Heating and Cooling LLC,hvac,"315 Harrison St, Galena, OH 43021, USA",15.2,(740) 965-5545,https://www.wiseheatingandcooling.com/,https://maps.google.com/?cid=11837701278483006156&g_mp=Cidnb29nbGUubWFwcy5wbGFjZXMudjEuUGxhY2VzLlNlYXJjaFRleHQQAhgEIAA,4.7,82,general_contractor,fail,15.2 mi away
ChIJm5tDmXGbOIgRsANxfusFHPc,Grove City Heating & Air,hvac,"2905 Columbus St C, Grove City, OH 43123, USA",15.2,(614) 344-6824,https://grovecityheatingandair.com/,https://maps.google.com/?cid=17806113535712887728&g_mp=Cidnb29nbGUubWFwcy5wbGFjZXMudjEuUGxhY2VzLlNlYXJjaFRleHQQAhgEIAA,4.9,835,general_contractor,fail,15.2 mi away; likely too large
ChIJkZdjDOiEOIgR4bLL5Na4SNA,American Air Heating Cooling Electric & Plumbing,hvac,"3945 Brookham Dr, Grove City, OH 43123, USA",15.4,(614) 851-0099,https://americanairheating.com/,https://maps.google.com/?cid=15008448991313244897&g_mp=Cidnb29nbGUubWFwcy5wbGFjZXMudjEuUGxhY2VzLlNlYXJjaFRleHQQAhgEIAA,4.7,682,general_contractor,fail,15.4 mi away
ChIJzw9M0rOiOIgRizBo0yC-6q0,"West Jefferson Plumbing and Heating, Inc.",hvac,"1863 W Main St, West Jefferson, OH 43162, USA",15.5,(614) 879-9091,https://www.westjeffplumbingandheating.com/,https://maps.google.com/?cid=12532037961306878091&g_mp=Cidnb29nbGUubWFwcy5wbGFjZXMudjEuUGxhY2VzLlNlYXJjaFRleHQQAhgEIAA,4.8,1024,plumber,fail,15.5 mi away; likely too large
ChIJ4wIx2VObOIgRtejeAZX0b70,Benjamin Franklin Plumbing of Columbus,plumbing,"1784 Killdeer Dr #1A, Grove City, OH 43123, USA",15.5,(614) 392-8795,https://www.benjaminfranklinplumbing.com/columbus/?utm_source=google&utm_medium=organic&utm_campaign=gbp,https://maps.google.com/?cid=13650397916401952949&g_mp=Cidnb29nbGUubWFwcy5wbGFjZXMudjEuUGxhY2VzLlNlYXJjaFRleHQQAhgEIAA,4.6,414,plumber,fail,15.5 mi away; franchise/national brand
ChIJU4G_Fzu6OIgRi27jWS58ccM,Yoder's Septic Service LLC,plumbing,"5890 Lafayette Plain City Rd, London, OH 43140, USA",15.6,(740) 857-1822,http://www.yoderssepticservicellc.com/,https://maps.google.com/?cid=14083174048282668683&g_mp=Cidnb29nbGUubWFwcy5wbGFjZXMudjEuUGxhY2VzLlNlYXJjaFRleHQQAhgEIAA,5,323,service,fail,15.6 mi away; not clearly HVAC/plumbing
ChIJK9tF0sVjOIgRYfjUBEiVd1A,Custom Air Conditioning and Heating Co.,hvac,"935 Claycraft Rd, Columbus, OH 43230, USA",15.8,(614) 245-9802,https://www.customairco.com/service-area/air-conditioning-heating-columbus-oh?utm_source=google&utm_medium=organic&utm_campaign=GBPListing-Columbus-OH,https://maps.google.com/?cid=5798267181814052961&g_mp=Cidnb29nbGUubWFwcy5wbGFjZXMudjEuUGxhY2VzLlNlYXJjaFRleHQQAhgEIAA,4.9,1117,service,fail,15.8 mi away; multi-location site; likely too large
ChIJ_4zZbNplOIgR66K1z56CiWc,Plumbing & Drain Professionals,plumbing,"372 Morrison Rd Ste d, Columbus, OH 43213, USA",15.8,(614) 758-6237,https://www.plumbinganddrainpro.com/,https://maps.google.com/?cid=7460637876317168363&g_mp=Cidnb29nbGUubWFwcy5wbGFjZXMudjEuUGxhY2VzLlNlYXJjaFRleHQQAhgEIAA,4.9,584,plumber,fail,15.8 mi away
ChIJYbxE_13EOIgRtBr2D1KFUz4,"Air Conditioning and Refrigeration Service Company, Inc",hvac,"709 E 5th St, Marysville, OH 43040, USA",15.9,(937) 642-0162,,https://maps.google.com/?cid=4491079840920115892&g_mp=Cidnb29nbGUubWFwcy5wbGFjZXMudjEuUGxhY2VzLlNlYXJjaFRleHQQAhgEIAA,4.4,35,general_contractor,fail,15.9 mi away; no website
ChIJ-1H-QlhnOIgRnPcmDy5dmt8,New Albany Heating & Cooling,hvac,"68 N High St Building A, Suite 113, New Albany, OH 43054, USA",16.2,(614) 344-6863,https://newalbanyheatingcooling.com/,https://maps.google.com/?cid=16112293069275461532&g_mp=Cidnb29nbGUubWFwcy5wbGFjZXMudjEuUGxhY2VzLlNlYXJjaFRleHQQAhgEIAA,4.9,521,general_contractor,fail,16.2 mi away
ChIJF3ZeFX1nOIgRdjaAuY772F0,New Albany Plumbing & Drain,plumbing,"68 N High St Bldg A, Suite 111, New Albany, OH 43054, USA",16.2,(614) 344-6864,https://www.newalbanyplumbingdrain.com/,https://maps.google.com/?cid=6762431430912915062&g_mp=Cidnb29nbGUubWFwcy5wbGFjZXMudjEuUGxhY2VzLlNlYXJjaFRleHQQAhgEIAA,4.5,27,plumber,fail,16.2 mi away
ChIJyTQEWx1hOIgRYVVrXx2wFK8,Doc Thompson Plumbing,plumbing,"735 Cross Pointe Rd Ste E, Columbus, OH 43230, USA",16.4,(614) 502-6563,https://docthompsonplumbingllc.com/?utm_source=google&utm_medium=organic&utm_campaign=gmb-profile-columbus,https://maps.google.com/?cid=12615902096373011809&g_mp=Cidnb29nbGUubWFwcy5wbGFjZXMudjEuUGxhY2VzLlNlYXJjaFRleHQQAhgEIAA,4.6,144,plumber,fail,16.4 mi away
ChIJXbFQ3vCHOIgRpeQWGpaw9Gw,Air Supply Heating & Air Conditioning Inc,hvac,"2784 Winchester Pike, Columbus, OH 43232, USA",16.5,(614) 236-0075,https://www.airsupplyohio.com/,https://maps.google.com/?cid=7851094209142908069&g_mp=Cidnb29nbGUubWFwcy5wbGFjZXMudjEuUGxhY2VzLlNlYXJjaFRleHQQAhgEIAA,4.8,72,general_contractor,fail,16.5 mi away
ChIJ6Qil-3lXOIgRTa7-m5JyrvY,Westin Air Heating and Cooling - Sunbury Ohio,hvac,"725 Kintner Pkwy, Sunbury, OH 43074, USA",16.7,(614) 321-1223,https://www.westinair.com/hvac-services-sunbury-ohio.php,https://maps.google.com/?cid=17775270753285877325&g_mp=Cidnb29nbGUubWFwcy5wbGFjZXMudjEuUGxhY2VzLlNlYXJjaFRleHQQAhgEIAA,5,478,general_contractor,fail,16.7 mi away
ChIJRREENHFdOIgRqiSoz-rGwm8,Arctic Air Service Now Heating & Air Conditioning,hvac,"9789 Karmar Ct, New Albany, OH 43054, USA",16.8,(614) 818-0807,https://servicenow4you.com/?utm_source=google+&utm_medium=organic+&utm_campaign=northab_gbp,https://maps.google.com/?cid=8053217795500418218&g_mp=Cidnb29nbGUubWFwcy5wbGFjZXMudjEuUGxhY2VzLlNlYXJjaFRleHQQAhgEIAA,5,34,general_contractor,fail,16.8 mi away
ChIJzam17CxdOIgRuCXCmzinZ_Q,Best Plumbing,plumbing,"5791 Zarley St, New Albany, OH 43054, USA",16.9,(614) 855-1919,http://www.bestplumbingohio.com/,https://maps.google.com/?cid=17611228729428813240&g_mp=Cidnb29nbGUubWFwcy5wbGFjZXMudjEuUGxhY2VzLlNlYXJjaFRleHQQAhgEIAA,4.7,13,plumber,fail,16.9 mi away
ChIJFYy8vMj6OIgRouz73k2PCp4,Emergency Plumbing Heating & Air,hvac+plumbing,"3354 U.S. Hwy 23 N Ste A, Delaware, OH 43015, USA",17.4,(740) 520-0599,https://www.emergencyplumbingservice.com/,https://maps.google.com/?cid=11388072172376026274&g_mp=Cidnb29nbGUubWFwcy5wbGFjZXMudjEuUGxhY2VzLlNlYXJjaFRleHQQAhgEIAA,4.8,1203,plumber,fail,17.4 mi away; likely too large
ChIJ37lHe8mMOIgR0yutNmty-aQ,Mr. Rooter Plumbing of Columbus,plumbing,"405 Brice Rd N, Blacklick, OH 43004, USA",17.5,(614) 254-5463,https://www.mrrooter.com/columbus/?cid=LSTL_MRR000199&utm_source=gmb&utm_campaign=local&utm_medium=organic,https://maps.google.com/?cid=11887658496225520595&g_mp=Cidnb29nbGUubWFwcy5wbGFjZXMudjEuUGxhY2VzLlNlYXJjaFRleHQQAhgEIAA,4.7,4205,plumber,fail,17.5 mi away; franchise/national brand; likely too large
ChIJjUlTa479OIgR2hZTpgRBHSo,TTM Mechanical,hvac,"18 Main Rd, Delaware, OH 43015, USA",17.8,(740) 272-3949,https://www.ttmmechanical.com/,https://maps.google.com/?cid=3034653212143720154&g_mp=Cidnb29nbGUubWFwcy5wbGFjZXMudjEuUGxhY2VzLlNlYXJjaFRleHQQAhgEIAA,4.8,23,general_contractor,fail,17.8 mi away
ChIJ4ehDluSeOIgRzlhj8qTH7HI,Lee's HVAC,hvac,"6069 Opossum Run Rd, Grove City, OH 43123, USA",18.8,(614) 222-0062,,https://maps.google.com/?cid=8281213326082660558&g_mp=Cidnb29nbGUubWFwcy5wbGFjZXMudjEuUGxhY2VzLlNlYXJjaFRleHQQAhgEIAA,4.1,27,general_contractor,fail,18.8 mi away; no website
ChIJfWbPxRKbOIgRUq2np7nEh80,Hesson Plumbing and Drains LLC,plumbing,"4299 Professional Pkwy, Groveport, OH 43125, USA",18.9,(740) 304-4195,https://www.hessonplumbing.com/,https://maps.google.com/?cid=14810022201291943250&g_mp=Cidnb29nbGUubWFwcy5wbGFjZXMudjEuUGxhY2VzLlNlYXJjaFRleHQQAhgEIAA,4.9,880,plumber,fail,18.9 mi away; likely too large
ChIJxVicVSF6OIgR7RFJ0Bie3wU,Patriot Air Comfort Systems,hvac,"4025 Lakeview Crossing, Groveport, OH 43125, USA",19.1,(614) 577-1577,https://patriotair.com/?utm_source=google&utm_medium=organic&utm_campaign=gbp-profile,https://maps.google.com/?cid=423230719406969325&g_mp=Cidnb29nbGUubWFwcy5wbGFjZXMudjEuUGxhY2VzLlNlYXJjaFRleHQQAhgEIAA,4.9,1006,general_contractor,fail,19.1 mi away; likely too large
ChIJzSu_TZJ9OIgRYjVhIw5Jo4s,Franklin Heating Cooling and Refrigeration,hvac,"4802 Hendron Rd, Groveport, OH 43125, USA",19.7,(614) 836-7960,https://www.franklinheatingandrefrigeration.com/,https://maps.google.com/?cid=10061966317547763042&g_mp=Cidnb29nbGUubWFwcy5wbGFjZXMudjEuUGxhY2VzLlNlYXJjaFRleHQQAhgEIAA,4.8,448,general_contractor,fail,19.7 mi away
ChIJg7ho0rWOOIgRkGUwuaacCWY,"The Service People, Inc.",plumbing,"9439 Johnstown-Alexandria Rd, Johnstown, OH 43031, USA",19.9,(614) 484-9248,http://www.theservicepeople.biz/,https://maps.google.com/?cid=7352580106544506256&g_mp=Cidnb29nbGUubWFwcy5wbGFjZXMudjEuUGxhY2VzLlNlYXJjaFRleHQQAhgEIAA,4.7,232,plumber,fail,19.9 mi away; not clearly HVAC/plumbing
ChIJ56NVdsJjOIgR5y-f6EU1ft4,Right Way Heating & Cooling,hvac,"28 Klema Dr N, Reynoldsburg, OH 43068, USA",20.0,(614) 751-0193,https://www.rightwayhvac.com/,https://maps.google.com/?cid=16032310297857306599&g_mp=Cidnb29nbGUubWFwcy5wbGFjZXMudjEuUGxhY2VzLlNlYXJjaFRleHQQAhgEIAA,4.9,712,general_contractor,fail,20.0 mi away; likely too large
ChIJo-cfV-qROIgRSZnZmRXOmdc,BCA Mechanical LLC,hvac,"9980 Big Plain Circleville Rd, London, OH 43140, USA",20.5,(614) 853-8124,http://www.bcamechanical.com/,https://maps.google.com/?cid=15535674981762046281&g_mp=Cidnb29nbGUubWFwcy5wbGFjZXMudjEuUGxhY2VzLlNlYXJjaFRleHQQAhgEIAA,5,158,general_contractor,fail,20.5 mi away
ChIJcyc_VhWTcgURefJmDfDvvm0,Polar Bear Conditioned Air,hvac,"3786 OH-3 Unit 5, Sunbury, OH 43074, USA",20.5,(614) 499-4548,https://polarbearair.net/,https://maps.google.com/?cid=7908021810005209721&g_mp=Cidnb29nbGUubWFwcy5wbGFjZXMudjEuUGxhY2VzLlNlYXJjaFRleHQQAhgEIAA,5,106,service,fail,20.5 mi away
ChIJR9MQcmFpOIgR170ANLQoS9Q,"Plumbing One, LLC",plumbing,"7393 Long Rd, Canal Winchester, OH 43110, USA",21.3,(614) 600-4548,https://www.plumbingone.com/,https://maps.google.com/?cid=15297365313725709783&g_mp=Cidnb29nbGUubWFwcy5wbGFjZXMudjEuUGxhY2VzLlNlYXJjaFRleHQQAhgEIAA,4.9,313,plumber,fail,21.3 mi away
ChIJ68A2c3FlOIgRezHuHRrQsYU,"T&H Plumbing Services, Inc",plumbing,"12928 Stonecreek Dr Unit F, Pickerington, OH 43147, USA",21.3,(614) 858-3897,https://thplumb.com/?utm_source=google&utm_medium=organic&utm_campaign=gbp,https://maps.google.com/?cid=9633709888512078203&g_mp=Cidnb29nbGUubWFwcy5wbGFjZXMudjEuUGxhY2VzLlNlYXJjaFRleHQQAhgEIAA,4.9,248,plumber,fail,21.3 mi away
ChIJ-SC1avKfOIgRu7ADPygnQdk,Buckeye Plumbing & Drains,plumbing,"10385 Creamer Rd, Orient, OH 43146, USA",22.0,(614) 683-5371,https://bkyplumbing.com/,https://maps.google.com/?cid=15654836833525936315&g_mp=Cidnb29nbGUubWFwcy5wbGFjZXMudjEuUGxhY2VzLlNlYXJjaFRleHQQAhgEIAA,4.7,226,service,fail,22.0 mi away
ChIJQ8H_54xkOIgRibnPcuFEfyc,Best Service Heating & Cooling,hvac,"13100 National Rd SW, Reynoldsburg, OH 43068, USA",22.4,(614) 763-1391,https://www.bestservicehvac.com/?utm_source=google&utm_medium=organic&utm_campaign=gbp,https://maps.google.com/?cid=2846069224605989257&g_mp=Cidnb29nbGUubWFwcy5wbGFjZXMudjEuUGxhY2VzLlNlYXJjaFRleHQQAhgEIAA,4.6,89,general_contractor,fail,22.4 mi away
ChIJLXdTnOixOIgR2MPAVD7fwGQ,Perfection Contracting,hvac,"1400 W Choctaw Dr, London, OH 43140, USA",22.6,(740) 406-9224,,https://maps.google.com/?cid=7260048058124125144&g_mp=Cidnb29nbGUubWFwcy5wbGFjZXMudjEuUGxhY2VzLlNlYXJjaFRleHQQAhgEIAA,4.9,37,general_contractor,fail,22.6 mi away; no website; not clearly HVAC/plumbing
ChIJSapDwOKTOIgR3aNozdBVbcE,Wolfe Innovations LLC.,hvac,"23050 Northwest Pkwy, Marysville, OH 43040, USA",22.8,(614) 354-2349,https://wolfehvac.com/?utm_source=google&utm_medium=business_profile&utm_campaign=main_link_to_website_localo,https://maps.google.com/?cid=13937890777069298653&g_mp=Cidnb29nbGUubWFwcy5wbGFjZXMudjEuUGxhY2VzLlNlYXJjaFRleHQQAhgEIAA,4.9,81,general_contractor,fail,22.8 mi away
ChIJv3V3RtNxOIgRQ7hqA9Oxnho,LRF Maintenance LLC,hvac,"146 W Borland St, Pickerington, OH 43147, USA",23.9,(614) 344-6860,https://www.lrfmaintenance.com/,https://maps.google.com/?cid=1918166011159951427&g_mp=Cidnb29nbGUubWFwcy5wbGFjZXMudjEuUGxhY2VzLlNlYXJjaFRleHQQAhgEIAA,4.9,93,general_contractor,fail,23.9 mi away; not clearly HVAC/plumbing
ChIJF_--WUt7OIgRQzmEGwNSW80,Blessed Plumbing,plumbing,"319 Middleburn St, Johnstown, OH 43031, USA",23.9,(614) 204-5156,http://www.blessedplumbing.com/,https://maps.google.com/?cid=14797511173955926339&g_mp=Cidnb29nbGUubWFwcy5wbGFjZXMudjEuUGxhY2VzLlNlYXJjaFRleHQQAhgEIAA,4.8,199,plumber,fail,23.9 mi away
ChIJDbl1fpB9R4gRzAMpFLwWYCQ,HVAC Mechanical Services,hvac,"12119 OH-104, Ashville, OH 43103, USA",24.0,(844) 833-2092,,https://maps.google.com/?cid=2621119980177523660&g_mp=Cidnb29nbGUubWFwcy5wbGFjZXMudjEuUGxhY2VzLlNlYXJjaFRleHQQAhgEIAA,4.5,11,general_contractor,fail,24.0 mi away; no website
ChIJy4FpN3pmOIgRldXI2FlX8VU,Mr. Air Heating and Air Conditioning,hvac,"276 Trail E, Etna, OH 43062, USA",24.2,(614) 962-7466,http://mrairheatandcool.com/,https://maps.google.com/?cid=6192827006011889045&g_mp=Cidnb29nbGUubWFwcy5wbGFjZXMudjEuUGxhY2VzLlNlYXJjaFRleHQQAhgEIAA,5,296,general_contractor,fail,24.2 mi away
ChIJla--PM-POIgRE-vCteWN2wE,Five Star Home Services Columbus,hvac+plumbing,"8160 Howe Industrial Pkwy, Canal Winchester, OH 43110, USA",24.3,(614) 321-1972,https://www.myfivestarhomeservices.com/columbus/,https://maps.google.com/?cid=133856631674039059&g_mp=Cidnb29nbGUubWFwcy5wbGFjZXMudjEuUGxhY2VzLlNlYXJjaFRleHQQAhgEIAA,4.8,2840,general_contractor,fail,24.3 mi away; likely too large; not clearly HVAC/plumbing
ChIJiW4Lxh19OIgRk6ElEaKIiEU,"Rose Plumbing, LLC",plumbing,"6520 Oley Speaks Way Ste a, Canal Winchester, OH 43110, USA",24.5,(614) 496-9776,https://roseplumbingllc.com/,https://maps.google.com/?cid=5010404815103435155&g_mp=Cidnb29nbGUubWFwcy5wbGFjZXMudjEuUGxhY2VzLlNlYXJjaFRleHQQAhgEIAA,4.9,273,plumber,fail,24.5 mi away
ChIJy1nNrBllQIgRViwR10IVuJY,F&S Home Solutions,plumbing,"7015 OH-4, Mechanicsburg, OH 43044, USA",27.0,(937) 207-5300,https://fs-homesolutions.com/,https://maps.google.com/?cid=10860453878224202838&g_mp=Cidnb29nbGUubWFwcy5wbGFjZXMudjEuUGxhY2VzLlNlYXJjaFRleHQQAhgEIAA,5,23,plumber,fail,27.0 mi away; not clearly HVAC/plumbing
ChIJ4Xmt3uiJR4gRRDBb2isj4Iw,R.N. Smith Heating & Cooling,hvac,"1312 Camp Ground Rd NW, Lancaster, OH 43130, USA",34.5,(740) 653-5011,http://www.rnsmith.net/,https://maps.google.com/?cid=10151152231347073092&g_mp=Cidnb29nbGUubWFwcy5wbGFjZXMudjEuUGxhY2VzLlNlYXJjaFRleHQQAhgEIAA,4.9,80,general_contractor,fail,34.5 mi away
ChIJfZaw4NoXOIgRkSE7lkrZAUg,"Luikart Heating and Cooling, Inc.",hvac,"358 Wilson St, Newark, OH 43055, USA",36.9,(740) 344-5497,https://www.luikartheating.com/?utm_source=google&utm_medium=organic&utm_campaign=gbp-profile,https://maps.google.com/?cid=5188667160078786961&g_mp=Cidnb29nbGUubWFwcy5wbGFjZXMudjEuUGxhY2VzLlNlYXJjaFRleHQQAhgEIAA,4.9,167,general_contractor,fail,36.9 mi away
ChIJz72vhVU9OIgR_UMxIU5OAa8,Dor Mar Plumbing Heating and AC,hvac,"228 E Main St, Newark, OH 43055, USA",38.3,(740) 345-6639,https://www.dormarhvac.com/locations/licking-county/newark/?utm_source=google&utm_medium=organic&utm_campaign=GMBListing-Newark-OH,https://maps.google.com/?cid=12610446529085391869&g_mp=Cidnb29nbGUubWFwcy5wbGFjZXMudjEuUGxhY2VzLlNlYXJjaFRleHQQAhgEIAA,4.6,1811,general_contractor,fail,38.3 mi away; multi-location site; likely too large
ChIJr23c0VBlOIgRgt2KMwz_ZAE,Hubbs Heating & Air,hvac,"545 E Main St, Lancaster, OH 43130, USA",38.4,(740) 870-9900,https://www.hubbsheating.com/,https://maps.google.com/?cid=100485519578422658&g_mp=Cidnb29nbGUubWFwcy5wbGFjZXMudjEuUGxhY2VzLlNlYXJjaFRleHQQAhgEIAA,4.8,755,general_contractor,fail,38.4 mi away; likely too large
ChIJO0dX67u3RogR64NDhMUBTVU,Richard Lewis HVAC,hvac,"14867 OH-125, West Union, OH 45693, USA",93.1,(937) 544-5045,http://www.richardlewishvacinc.com/,https://maps.google.com/?cid=6146571014269797355&g_mp=Cidnb29nbGUubWFwcy5wbGFjZXMudjEuUGxhY2VzLlNlYXJjaFRleHQQAhgEIAA,4.7,15,general_contractor,fail,93.1 mi away
ChIJl5YXazzzOIgRnD5s_5KCKbw,Lewis Center-Powell Heating & Air,hvac,"80 Grace Dr C-2, Powell, OH 43065, USA",4.8,(614) 344-6886,https://lewiscenterpowellheatingandair.com/,https://maps.google.com/?cid=13558511721037708956&g_mp=Cidnb29nbGUubWFwcy5wbGFjZXMudjEuUGxhY2VzLlNlYXJjaFRleHQQAhgEIAA,4.9,197,general_contractor,fail,same town-branded network as Hilliard-Dublin (614-344-68xx phone block)
ChIJwV9qwMX1OIgR9t5PqYl6big,Franklin Heating Cooling and Refrigeration,hvac,"79 S State St Ste d2, Westerville, OH 43081, USA",9.8,(614) 836-7960,https://franklinheating.com/,https://maps.google.com/?cid=2913400740624981750&g_mp=Cidnb29nbGUubWFwcy5wbGFjZXMudjEuUGxhY2VzLlNlYXJjaFRleHQQAhgEIAA,5,152,general_contractor,fail,duplicate listing of Franklin Heating Cooling and Refrigeration (Sheet; same phone)
ChIJ7xQFukWJOIgR0zSB_QSwWlc,"G&M Plumbing & Heating, Inc.",plumbing,"2077 Joyce Ave, Columbus, OH 43219, USA",10.1,(614) 263-1851,https://www.gmplumbing.net/,https://maps.google.com/?cid=6294536964683150547&g_mp=Cidnb29nbGUubWFwcy5wbGFjZXMudjEuUGxhY2VzLlNlYXJjaFRleHQQAhgEIAA,4.6,11,plumber,pass,
ChIJVVUFKw_2OIgR3ARis3VnCTU,Heating & Cooling Doctors(A Division of Columbus Comfort),hvac,"5414 Ketterington Ln, Westerville, OH 43082, USA",11.6,(614) 657-2457,http://heatingcoolingdoctors.com/?utm_source=gmb&utm_medium=referral,https://maps.google.com/?cid=3821699514018956508&g_mp=Cidnb29nbGUubWFwcy5wbGFjZXMudjEuUGxhY2VzLlNlYXJjaFRleHQQAhgEIAA,4.1,22,general_contractor,fail,division of Columbus Comfort (acquired brand)
ChIJ97mxwzFvNogR__xxqdK-4RI,G-Tech Plumbing,plumbing,"3714 Clime Rd, Columbus, OH 43228, USA",11.8,(614) 867-6881,https://gtechoh.com/,https://maps.google.com/?cid=1360578374437829887&g_mp=Cidnb29nbGUubWFwcy5wbGFjZXMudjEuUGxhY2VzLlNlYXJjaFRleHQQAhgEIAA,4.7,24,plumber,pass,
ChIJO9vTkO6JOIgRDW6jqGvUee0,Comfortrol Inc,hvac,"3155 Lamb Ave, Columbus, OH 43219, USA",12.4,(614) 337-0111,http://www.comfortrol.com/,https://maps.google.com/?cid=17111941818026782221&g_mp=Cidnb29nbGUubWFwcy5wbGFjZXMudjEuUGxhY2VzLlNlYXJjaFRleHQQAhgEIAA,4.7,42,general_contractor,pass,
ChIJa4u8WRFUl0oRiuiumDBPBJg,Bexley Plumbing & Drain,plumbing,"655 N Cassady Ave Ste 5B, Columbus, OH 43219, USA",12.5,(614) 350-0474,https://www.bexleyplumbingdrain.com/,https://maps.google.com/?cid=10953967263810513034&g_mp=Cidnb29nbGUubWFwcy5wbGFjZXMudjEuUGxhY2VzLlNlYXJjaFRleHQQAhgEIAA,4.7,13,plumber,fail,same town-branded network as Bexley Heating & Cooling (same suite)
ChIJkVtFw_-JOIgRdCtXCQ-DmuU,VIP Refrigeration Heating & Air,hvac,"2882 Johnstown Rd, Columbus, OH 43219, USA",12.6,(614) 471-3168,https://www.viprefheatac.com/,https://maps.google.com/?cid=16544680281703394164&g_mp=Cidnb29nbGUubWFwcy5wbGFjZXMudjEuUGxhY2VzLlNlYXJjaFRleHQQAhgEIAA,5,25,general_contractor,pass,
ChIJcwoYzNdhOIgRzviAiPW4fss,Gahanna Plumbing & Drain,hvac+plumbing,"261 W Johnstown Rd #54, Columbus, OH 43230, USA",13.3,(614) 245-2650,https://www.gahannaplumbingdrain.com/,https://maps.google.com/?cid=14663360801461565646&g_mp=Cidnb29nbGUubWFwcy5wbGFjZXMudjEuUGxhY2VzLlNlYXJjaFRleHQQAhgEIAA,4.5,36,plumber,fail,"same town-branded network (inbound@ email format, *plumbingdrain.com template)"
ChIJ3Wi5Q0TlOIgRhbAAUhtr194,Custom Air Conditioning and Heating Co.,hvac,"18 E William St Unit 2, Delaware, OH 43015, USA",14.0,(740) 609-2696,https://www.customairco.com/,https://maps.google.com/?cid=16057420761496858757&g_mp=Cidnb29nbGUubWFwcy5wbGFjZXMudjEuUGxhY2VzLlNlYXJjaFRleHQQAhgEIAA,4.5,13,service,fail,duplicate listing of customairco.com (discovered.csv: Custom Air Conditioning and Heating Co.)
ChIJ3VIIZHCIOIgRPVNnt2slK0I,TP Mechanical Contractors,plumbing,"2130 Franklin Rd, Columbus, OH 43209, USA",14.5,(614) 253-8556,http://www.tpmechanical.com/,https://maps.google.com/?cid=4767945775070532413&g_mp=Cidnb29nbGUubWFwcy5wbGFjZXMudjEuUGxhY2VzLlNlYXJjaFRleHQQAhgEIAA,4.8,10,general_contractor,pass,
ChIJqVq-cMabOIgRYJk0rSAdh4M,Guaranteed Heating & Cooling LLC,hvac,"3827 Broadway, Grove City, OH 43123, USA",14.8,(614) 877-4401,https://www.grovecityheatingandcooling.com/,https://maps.google.com/?cid=9477575967006562656&g_mp=Cidnb29nbGUubWFwcy5wbGFjZXMudjEuUGxhY2VzLlNlYXJjaFRleHQQAhgEIAA,4.8,240,service,pass,
ChIJx28Je2SbOIgRHEO5LwD2XU0,Nate’s Great Plumbing,hvac+plumbing,"3989 Broadway Ste 1030, Grove City, OH 43123, USA",15.0,(614) 589-3833,https://www.natesgreatplumbing.com/,https://maps.google.com/?cid=5574882394415645468&g_mp=Cidnb29nbGUubWFwcy5wbGFjZXMudjEuUGxhY2VzLlNlYXJjaFRleHQQAhgEIAA,5,134,plumber,pass,
ChIJJ9Li9e-EOIgR_kuhKzAZB2I,"Command Heating, Inc.",hvac+plumbing,"1671 Gateway Cir, Grove City, OH 43123, USA",15.2,(614) 871-3180,http://commandheating.com/,https://maps.google.com/?cid=7063642235235027966&g_mp=Cidnb29nbGUubWFwcy5wbGFjZXMudjEuUGxhY2VzLlNlYXJjaFRleHQQAhgEIAA,4.2,11,general_contractor,pass,
ChIJ-Ryx8RvFOIgRhUyzonmKQ9I,Monarch Heating and Cooling LLC,hvac,"648 Clymer Rd, Marysville, OH 43040, USA",15.2,(937) 243-0073,http://www.monarchheatingandcooling.net/,https://maps.google.com/?cid=15151105826429815941&g_mp=Cidnb29nbGUubWFwcy5wbGFjZXMudjEuUGxhY2VzLlNlYXJjaFRleHQQAhgEIAA,4.8,258,general_contractor,pass,
ChIJF0TTcfmFOIgRfmUKS5fDWjM,Mr Water Heater Guy LLC,hvac+plumbing,"3972 Thistlewood Dr, Grove City, OH 43123, USA",15.5,(740) 324-9912,http://mrwaterheaterguy.com/,https://maps.google.com/?cid=3700485098404734334&g_mp=Cidnb29nbGUubWFwcy5wbGFjZXMudjEuUGxhY2VzLlNlYXJjaFRleHQQAhgEIAA,4.3,162,plumber,pass,
ChIJM3ITfO6JOIgRNnDa9W96S6A,Gahanna Heating & Cooling,hvac,"810 Science Blvd Suite A, Columbus, OH 43230, USA",16.0,(614) 475-4378,https://www.gahannaheating.com/,https://maps.google.com/?cid=11550460290606460982&g_mp=Cidnb29nbGUubWFwcy5wbGFjZXMudjEuUGxhY2VzLlNlYXJjaFRleHQQAhgEIAA,4,41,general_contractor,pass,
ChIJ2SPxDuVdOIgRVWwW_bNPtps,1-800-Plumber +Air,hvac+plumbing,"6678 Central College Rd, New Albany, OH 43054, USA",16.0,(614) 647-2125,https://1800plumber.com/columbus-oh/,https://maps.google.com/?cid=11220243156104014933&g_mp=Cidnb29nbGUubWFwcy5wbGFjZXMudjEuUGxhY2VzLlNlYXJjaFRleHQQAhgEIAA,4.8,46,plumber,fail,franchise/national brand
ChIJiweeMr9jOIgRU81ya_F4EJs,American Mechanical Group Inc,hvac,"5729 Westbourne Ave, Columbus, OH 43213, USA",16.2,(614) 575-3720,http://www.amgohio.com/,https://maps.google.com/?cid=11173563653791337811&g_mp=Cidnb29nbGUubWFwcy5wbGFjZXMudjEuUGxhY2VzLlNlYXJjaFRleHQQAhgEIAA,3.9,29,general_contractor,pass,
ChIJAw3I4YBnOIgRUYh-4Knnp98,"The Waterworks Plumbing, Drain, Heating & Cooling",hvac+plumbing,"130 E Main St Ste B, New Albany, OH 43054, USA",16.3,(614) 540-3385,https://thewaterworks.com/?utm_source=2060digital&utm_medium=localseo&utm_campaign=gbp,https://maps.google.com/?cid=16116104508370487377&g_mp=Cidnb29nbGUubWFwcy5wbGFjZXMudjEuUGxhY2VzLlNlYXJjaFRleHQQAhgEIAA,4.9,577,plumber,fail,duplicate listing of thewaterworks.com (Sheet)
ChIJ6zGR40_EOIgR1OBBujHo5pQ,Eller's & Son's,hvac+plumbing,"519 London Ave, Marysville, OH 43040, USA",16.3,(937) 642-4064,https://www.ellersheatingandcooling.net/,https://maps.google.com/?cid=10729518462532706516&g_mp=Cidnb29nbGUubWFwcy5wbGFjZXMudjEuUGxhY2VzLlNlYXJjaFRleHQQAhgEIAA,4.9,74,general_contractor,pass,
ChIJLfAbVU_FOIgRzJUuPR7-68w,American Air Heating Cooling Electric & Plumbing,hvac+plumbing,"129 N Main St Ste 11, Marysville, OH 43040, USA",16.4,(614) 851-0099,https://www.americanairheating.com/,https://maps.google.com/?cid=14766175209093240268&g_mp=Cidnb29nbGUubWFwcy5wbGFjZXMudjEuUGxhY2VzLlNlYXJjaFRleHQQAhgEIAA,4.8,11,general_contractor,fail,duplicate listing of americanairheating.com (Sheet)
ChIJHZOuKTqbOIgRn1Ohsk8ocms,Air Quality Solutions Heating & Cooling,hvac,"5263 Harrisburg Pike, Grove City, OH 43123, USA",16.8,(614) 871-4144,http://aqsohio.com/,https://maps.google.com/?cid=7742295032167748511&g_mp=Cidnb29nbGUubWFwcy5wbGFjZXMudjEuUGxhY2VzLlNlYXJjaFRleHQQAhgEIAA,4.8,61,general_contractor,pass,
ChIJ_d8oUidjOIgR106bKaoC3-A,Climate Heating & Cooling,hvac,"1509 Blatt Blvd, Gahanna, OH 43230, USA",16.8,(614) 852-7336,https://www.climatecolumbus.com/,https://maps.google.com/?cid=16203672914168073943&g_mp=Cidnb29nbGUubWFwcy5wbGFjZXMudjEuUGxhY2VzLlNlYXJjaFRleHQQAhgEIAA,4.8,121,general_contractor,pass,
ChIJjdaFWdat72YREub2uiSguJE,Capital City HVAC,hvac,"653 Eastgate Pkwy, Gahanna, OH 43230, USA",17.0,(614) 734-4092,https://cchvacohio.com/,https://maps.google.com/?cid=10500318610830321170&g_mp=Cidnb29nbGUubWFwcy5wbGFjZXMudjEuUGxhY2VzLlNlYXJjaFRleHQQAhgEIAA,4.9,91,general_contractor,pass,
ChIJMXbBhdJiOIgRJeo4K8hbUiI,Sub Zero Heating & Air Conditioning,hvac,"4555 Groves Rd #13, Columbus, OH 43232, USA",17.3,(614) 312-7020,http://www.subzerocomfort.com/,https://maps.google.com/?cid=2473140060656560677&g_mp=Cidnb29nbGUubWFwcy5wbGFjZXMudjEuUGxhY2VzLlNlYXJjaFRleHQQAhgEIAA,4.7,164,general_contractor,pass,
ChIJzXwpfLCcOIgRC4yaulmJC9M,Capital City Mechanical,hvac+plumbing,"5929 Haughn Rd, Grove City, OH 43123, USA",17.6,(614) 871-8100,http://www.capitalcitymech.com/,https://maps.google.com/?cid=15207399585222396939&g_mp=Cidnb29nbGUubWFwcy5wbGFjZXMudjEuUGxhY2VzLlNlYXJjaFRleHQQAhgEIAA,4.2,70,general_contractor,pass,
ChIJRy9uWsacOIgRIDYJ97F_SQ8,"TechnoAir Heating, Cooling and Refrigeration",hvac,"6260 Seeds Rd, Grove City, OH 43123, USA",18.2,(614) 875-7388,https://technoair.com/,https://maps.google.com/?cid=1101551986199311904&g_mp=Cidnb29nbGUubWFwcy5wbGFjZXMudjEuUGxhY2VzLlNlYXJjaFRleHQQAhgEIAA,4.6,47,general_contractor,pass,
ChIJ15l1W919OIgRPwBrm6P3_sM,All Hours Mechanical,hvac,"4445 Professional Pkwy, Groveport, OH 43125, USA",19.0,(614) 567-7100,http://www.allhourshvac.com/,https://maps.google.com/?cid=14122997763539664959&g_mp=Cidnb29nbGUubWFwcy5wbGFjZXMudjEuUGxhY2VzLlNlYXJjaFRleHQQAhgEIAA,4.8,16,general_contractor,pass,
ChIJGZBQVFHzOIgRdl-deOfuUKw,Enervise,hvac,"6663 Huntley Rd K, Columbus, OH 43229, USA",6.1,(614) 968-7207,http://www.enervise.com/,https://maps.google.com/?cid=12416686850588893046&g_mp=Cidnb29nbGUubWFwcy5wbGFjZXMudjEuUGxhY2VzLlNlYXJjaFRleHQQAhgEIAA,4.1,19,general_contractor,fail,not clearly HVAC/plumbing
ChIJ5bZyyK6MOIgRzWS1yoVUvCI,Elitaire,hvac,"350 Worthington Rd D, Westerville, OH 43082, USA",8.1,(614) 351-9862,https://www.elitaire.com/,https://maps.google.com/?cid=2502968426519422157&g_mp=Cidnb29nbGUubWFwcy5wbGFjZXMudjEuUGxhY2VzLlNlYXJjaFRleHQQAhgEIAA,5,1,general_contractor,fail,too few reviews
ChIJi-RtEln0OIgR69mjQAVBiZo,Cold Control Refrigeration & HVAC,hvac,"470 Olde Worthington Rd #200, Westerville, OH 43082, USA",8.4,(614) 564-7011,http://coldcontrol.net/,https://maps.google.com/?cid=11135503044465383915&g_mp=Cidnb29nbGUubWFwcy5wbGFjZXMudjEuUGxhY2VzLlNlYXJjaFRleHQQAhgEIAA,5,12,manufacturer,fail,category: manufacturer
ChIJkbVU-8L1OIgRxwp2YUEST3g,The K Company Inc.,hvac,"665 Cooper Rd, Westerville, OH 43081, USA",9.1,(614) 636-4818,,https://maps.google.com/?cid=8669167879728794311&g_mp=Cidnb29nbGUubWFwcy5wbGFjZXMudjEuUGxhY2VzLlNlYXJjaFRleHQQAhgEIAA,5,1,general_contractor,fail,too few reviews; no website; not clearly HVAC/plumbing
ChIJtaJ6j3n1OIgRBc2bbrdqAXM,ANYTIME HVAC LLC,hvac,"2804 Cooper Ridge Rd, Columbus, OH 43231, USA",9.1,(888) 420-9802,,https://maps.google.com/?cid=8287022125405687045&g_mp=Cidnb29nbGUubWFwcy5wbGFjZXMudjEuUGxhY2VzLlNlYXJjaFRleHQQAhgEIAA,4,4,general_contractor,fail,too few reviews; no website
ChIJs_vJ3f2KOIgR9K9WDYX8PgE,Plumbers & Factory Supplies,plumbing,"2645 Morse Rd, Columbus, OH 43231, USA",9.2,(614) 478-2645,http://www.bathworkscolumbus.com/,https://maps.google.com/?cid=89786690978623476&g_mp=Cidnb29nbGUubWFwcy5wbGFjZXMudjEuUGxhY2VzLlNlYXJjaFRleHQQAhgEIAA,4,37,manufacturer,fail,category: manufacturer
ChIJsVrhujz1OIgRRpGJwmTesLU,Holt Mechanical,hvac+plumbing,"635 Park Meadow Rd Ste 201, Westerville, OH 43081, USA",9.3,(614) 901-8020,,https://maps.google.com/?cid=13092208641107923270&g_mp=Cidnb29nbGUubWFwcy5wbGFjZXMudjEuUGxhY2VzLlNlYXJjaFRleHQQAhgEIAA,3,2,general_contractor,fail,too few reviews; low rating; no website
ChIJd3gxxlhnOIgRi6cE7AKw5Ek,Northtowne Heating & Cooling,hvac,"659 Park Meadow Rd Ste D, Westerville, OH 43081, USA",9.4,(614) 939-9114,https://northtownehvac.com/,https://maps.google.com/?cid=5324574186054920075&g_mp=Cidnb29nbGUubWFwcy5wbGFjZXMudjEuUGxhY2VzLlNlYXJjaFRleHQQAhgEIAA,5,1,general_contractor,fail,too few reviews
ChIJQzFp94w4mVQRz1Kk31XfON4,Ferguson Home,plumbing,"435 Polaris Pkwy Ste 105, Westerville, OH 43082, USA",9.5,(614) 777-6606,https://www.fergusonhome.com/showroom/branch/westerville-oh-showroom-0345?utm_source=google&utm_medium=organic&utm_campaign=shw_lis_listingtraffic&utm_content=listing,https://maps.google.com/?cid=16012794035033101007&g_mp=Cidnb29nbGUubWFwcy5wbGFjZXMudjEuUGxhY2VzLlNlYXJjaFRleHQQAhgEIAA,4.1,147,building_materials_store,fail,franchise/national brand; not clearly HVAC/plumbing; category: building_materials_store
ChIJI2fWePCKOIgRS5632a8k2n8,Countryside Heating and Cooling LLC.,hvac,"2999 Bennington Ave, Columbus, OH 43231, USA",9.6,(614) 269-8998,http://countrysidehvacohio.com/,https://maps.google.com/?cid=9212716325430337099&g_mp=Cidnb29nbGUubWFwcy5wbGFjZXMudjEuUGxhY2VzLlNlYXJjaFRleHQQAhgEIAA,4.2,5,general_contractor,fail,too few reviews
ChIJTSsqq5OJOIgRvpn-KL4U234,Five Star Cooling,hvac,"520 Dow Ave, Columbus, OH 43211, USA",9.8,(614) 310-4998,https://www.columbusacrepair.com/,https://maps.google.com/?cid=9140922675642669502&g_mp=Cidnb29nbGUubWFwcy5wbGFjZXMudjEuUGxhY2VzLlNlYXJjaFRleHQQAhgEIAA,0,0,general_contractor,fail,too few reviews
ChIJ9aZ15UmJOIgRIa7qPpihzC8,Radico Inc.,plumbing,"1501 Clara St, Columbus, OH 43211, USA",9.8,(614) 299-4125,,https://maps.google.com/?cid=3444305490294255137&g_mp=Cidnb29nbGUubWFwcy5wbGFjZXMudjEuUGxhY2VzLlNlYXJjaFRleHQQAhgEIAA,4.9,7,general_contractor,fail,too few reviews; no website; not clearly HVAC/plumbing
ChIJ627aqBf1OIgRPHGF_XhRNnk,Assurance Air LLC,hvac,"4779 Parkmoor Dr, Westerville, OH 43082, USA",9.9,(614) 901-9110,,https://maps.google.com/?cid=8734258107422961980&g_mp=Cidnb29nbGUubWFwcy5wbGFjZXMudjEuUGxhY2VzLlNlYXJjaFRleHQQAhgEIAA,4.7,13,service,fail,no website
ChIJRd57EvveXigRRJzsz8sjpJQ,The Faithful Craftsman,plumbing,"190 S State St A, Westerville, OH 43081, USA",9.9,(614) 423-9339,http://www.thefaithfulcraftsman.com/,https://maps.google.com/?cid=10710725172067605572&g_mp=Cidnb29nbGUubWFwcy5wbGFjZXMudjEuUGxhY2VzLlNlYXJjaFRleHQQAhgEIAA,4.9,59,general_contractor,fail,not clearly HVAC/plumbing
ChIJ0eWoqRb1OIgRgMF1JzoUcEQ,"BEST SERVICE HVAC, LLC",hvac,"33 E Schrock Rd #1, Westerville, OH 43081, USA",10.0,,https://bluepeakhvac.site/,https://maps.google.com/?cid=4931463831973380480&g_mp=Cidnb29nbGUubWFwcy5wbGFjZXMudjEuUGxhY2VzLlNlYXJjaFRleHQQAhgEIAA,0,0,dentist,fail,too few reviews; category: dentist
ChIJ09NDKHP1OIgRYIj2IfiDRVU,Buckeye Plumbing Co,plumbing,"102 E College Ave, Westerville, OH 43081, USA",10.0,(614) 899-1122,,https://maps.google.com/?cid=6144462368361842784&g_mp=Cidnb29nbGUubWFwcy5wbGFjZXMudjEuUGxhY2VzLlNlYXJjaFRleHQQAhgEIAA,5,1,plumber,fail,too few reviews; no website
ChIJCUdsQmr1OIgRmaeuApVwGIc,William and Son Plumbing,plumbing,"64 Cherrington Rd, Westerville, OH 43081, USA",10.0,(614) 268-5171,,https://maps.google.com/?cid=9734654379858765721&g_mp=Cidnb29nbGUubWFwcy5wbGFjZXMudjEuUGxhY2VzLlNlYXJjaFRleHQQAhgEIAA,5,1,service,fail,too few reviews; no website
ChIJ6a4oIy1xOIgR11prGUljE-8,Clive Stephens Plumbing,plumbing,"3486 E Dublin Granville Rd, Westerville, OH 43081, USA",10.1,(614) 392-0467,https://www.clivestephensplumbing.com/,https://maps.google.com/?cid=17227222165232507607&g_mp=Cidnb29nbGUubWFwcy5wbGFjZXMudjEuUGxhY2VzLlNlYXJjaFRleHQQAhgEIAA,4,4,service,fail,too few reviews
ChIJbYKhtvn1OIgRhG1Cv4HogHE,Mckay Contracting Company ltd,plumbing,"45 Israel St, Westerville, OH 43081, USA",10.1,(614) 483-9817,,https://maps.google.com/?cid=8178792567262047620&g_mp=Cidnb29nbGUubWFwcy5wbGFjZXMudjEuUGxhY2VzLlNlYXJjaFRleHQQAhgEIAA,5,1,service,fail,too few reviews; no website; not clearly HVAC/plumbing
ChIJsaM4Y6D1OIgRBrOoOpQhylo,Westerville City HVAC Star,hvac,"562 Allview Ct, Westerville, OH 43081, USA",10.3,(380) 254-8848,,https://maps.google.com/?cid=6542078329232077574&g_mp=Cidnb29nbGUubWFwcy5wbGFjZXMudjEuUGxhY2VzLlNlYXJjaFRleHQQAhgEIAA,5,1,,fail,too few reviews; no website
ChIJmdUrU-v1OIgR-LnQxOZ_6Wo,"Miller Component Sales, Inc.",hvac,"38 Commerce Park Dr Ste c, Westerville, OH 43082, USA",10.3,(614) 890-7311,http://www.millermcs.com/,https://maps.google.com/?cid=7703829266715163128&g_mp=Cidnb29nbGUubWFwcy5wbGFjZXMudjEuUGxhY2VzLlNlYXJjaFRleHQQAhgEIAA,5,1,service,fail,too few reviews; not clearly HVAC/plumbing
ChIJySDsPXb1OIgRgjbYLwV4Pl8,Westerville Heating & Air Conditioning,hvac,"303 Old County Line Rd, Westerville, OH 43081, USA",10.4,(380) 230-5353,,https://maps.google.com/?cid=6863054845832083074&g_mp=Cidnb29nbGUubWFwcy5wbGFjZXMudjEuUGxhY2VzLlNlYXJjaFRleHQQAhgEIAA,3.6,24,general_contractor,fail,low rating; no website
ChIJ6Yfh0K5jOIgR8dvIuMlKlfE,Capital City Handyman Services,plumbing,"275 Old County Line Rd, Westerville, OH 43081, USA",10.4,(614) 269-8004,https://www.capcityhandymanoh.com/,https://maps.google.com/?cid=17407902164919573489&g_mp=Cidnb29nbGUubWFwcy5wbGFjZXMudjEuUGxhY2VzLlNlYXJjaFRleHQQAhgEIAA,4.8,174,general_contractor,fail,not clearly HVAC/plumbing
ChIJGamyLuj1OIgRLnbAF380QGo,Dor-Mar Westerville Heating Cooling Plumbing Electric Appliances Radon,hvac+plumbing,"924 Eastwind Dr #2, Westerville, OH 43081, USA",10.5,(614) 381-1540,https://www.dormarhvac.com/locations/franklin-county/westerville/,https://maps.google.com/?cid=7656177086993823278&g_mp=Cidnb29nbGUubWFwcy5wbGFjZXMudjEuUGxhY2VzLlNlYXJjaFRleHQQAhgEIAA,4.8,372,general_contractor,fail,multi-location site
ChIJI-qjtczuaykRgdsnnM-jVKo,Brad The Plumber,plumbing,"2054 Bunty Station Rd, Delaware, OH 43015, USA",10.7,(740) 803-4696,https://brad-theplumber.com/?utm_source=google&utm_medium=wix_google_business_profile&utm_campaign=8399657079622499088,https://maps.google.com/?cid=12273614996564859777&g_mp=Cidnb29nbGUubWFwcy5wbGFjZXMudjEuUGxhY2VzLlNlYXJjaFRleHQQAhgEIAA,5,7,plumber,fail,too few reviews
ChIJWQ_yk6H1OIgRTErxG1eQV6M,APHC of Central Ohio,plumbing,"653 McCorkle Blvd Ste H, Westerville, OH 43082, USA",10.7,(614) 315-6924,http://aphcofcentralohio.com/,https://maps.google.com/?cid=11770034854961433164&g_mp=Cidnb29nbGUubWFwcy5wbGFjZXMudjEuUGxhY2VzLlNlYXJjaFRleHQQAhgEIAA,5,5,association_or_organization,fail,too few reviews; not clearly HVAC/plumbing; category: association_or_organization
ChIJYQbBqbuJOIgRkiZUK2rUBcE,Albion Heating & Air Conditioning,hvac,"7393 OH-3, Westerville, OH 43082, USA",10.8,(614) 954-3258,,https://maps.google.com/?cid=13908756576662202002&g_mp=Cidnb29nbGUubWFwcy5wbGFjZXMudjEuUGxhY2VzLlNlYXJjaFRleHQQAhgEIAA,5,3,general_contractor,fail,too few reviews; no website
ChIJC0uZ2XL1OIgRSzL2PSQ7DrE,Ace Handyman Services Northeast Columbus,plumbing,"7177 Northgate Way A, Westerville, OH 43082, USA",10.9,(614) 881-1316,https://www.acehandymanservices.com/offices/northeast-columbus?utm_source=google&utm_medium=gbp,https://maps.google.com/?cid=12758199821231600203&g_mp=Cidnb29nbGUubWFwcy5wbGFjZXMudjEuUGxhY2VzLlNlYXJjaFRleHQQAhgEIAA,5,333,general_contractor,fail,not clearly HVAC/plumbing
ChIJuYRADVn0OIgRJ_0xTiZ7STE,SPG Construction,plumbing,"470 Olde Worthington Rd, Westerville, OH 43082, USA",10.9,(866) 561-9909,,https://maps.google.com/?cid=3551505185609219367&g_mp=Cidnb29nbGUubWFwcy5wbGFjZXMudjEuUGxhY2VzLlNlYXJjaFRleHQQAhgEIAA,4.6,9,service,fail,too few reviews; no website; not clearly HVAC/plumbing
ChIJbzD0BxeJOIgRhAYtkoDlA84,Columbus Climate Controls Co,hvac,"1339 E 5th Ave, Columbus, OH 43219, USA",11.0,(614) 299-5911,https://www.columbusclimate.com/,https://maps.google.com/?cid=14844961137114285700&g_mp=Cidnb29nbGUubWFwcy5wbGFjZXMudjEuUGxhY2VzLlNlYXJjaFRleHQQAhgEIAA,4.8,17,wholesaler,fail,not clearly HVAC/plumbing; category: wholesaler
ChIJkXQWqU6LOIgRdKXsfPDn1kI,"R & T Yoder Electric, Inc - Gahanna",hvac,"4182 Worth Ave Space #l-115, Columbus, OH 43219, USA",11.3,(614) 482-4543,https://www.rtyoder.com/electrician-gahanna-ohio/,https://maps.google.com/?cid=4816291871593375092&g_mp=Cidnb29nbGUubWFwcy5wbGFjZXMudjEuUGxhY2VzLlNlYXJjaFRleHQQAhgEIAA,5,51,electrician,fail,franchise/national brand; not clearly HVAC/plumbing; category: electrician
ChIJG0DXX45fOIgRXTwoqiDybCw,A. Friend Plumbing,plumbing,"210 Mainsail Dr, Westerville, OH 43081, USA",11.4,(614) 423-9827,,https://maps.google.com/?cid=3201199657261218909&g_mp=Cidnb29nbGUubWFwcy5wbGFjZXMudjEuUGxhY2VzLlNlYXJjaFRleHQQAhgEIAA,4.6,30,plumber,fail,no website
ChIJkeJcawWJOIgRSrzlscdl1_k,Johnstone Supply,hvac,"700 Parkwood Ave, Columbus, OH 43219, USA",11.5,(614) 258-1111,https://www.johnstonesupply.com/store77,https://maps.google.com/?cid=18002969943794367562&g_mp=Cidnb29nbGUubWFwcy5wbGFjZXMudjEuUGxhY2VzLlNlYXJjaFRleHQQAhgEIAA,4.6,29,,fail,not clearly HVAC/plumbing
ChIJgR63-6n6OIgRxc57zFtcGZw,Sears Heating and Air Conditioning,hvac,"1764 Columbus Pike, Delaware, OH 43015, USA",11.7,(732) 226-4729,https://www.searshomeservices.com/repair/hvac-repair-service?utm_campaign=GMBhomeimprovement&utm_medium=organic&utm_source=GMBlisting&SID=4981&phone=7322264729,https://maps.google.com/?cid=11248123093676969669&g_mp=Cidnb29nbGUubWFwcy5wbGFjZXMudjEuUGxhY2VzLlNlYXJjaFRleHQQAhgEIAA,4.3,3,general_contractor,fail,franchise/national brand; too few reviews
ChIJkZLqm9SHOIgRJ_Em72xNwHY,Wenger Temperature Control,hvac,"3442 Millennium Ct, Columbus, OH 43219, USA",11.7,(614) 443-2212,http://www.wengertempcontrol.com/,https://maps.google.com/?cid=8556924422268055847&g_mp=Cidnb29nbGUubWFwcy5wbGFjZXMudjEuUGxhY2VzLlNlYXJjaFRleHQQAhgEIAA,3.6,8,general_contractor,fail,too few reviews; low rating
ChIJR0oh4RyKOIgRkriOJpqkB8o,Sears Heating and Air Conditioning,hvac,"2204 Citygate Dr, Columbus, OH 43219, USA",11.9,(732) 226-4748,https://www.searshomeservices.com/repair/hvac-repair-service?utm_campaign=GMBhomeimprovement&utm_medium=organic&utm_source=GMBlisting&SID=1033755&phone=7322264748,https://maps.google.com/?cid=14557785302477224082&g_mp=Cidnb29nbGUubWFwcy5wbGFjZXMudjEuUGxhY2VzLlNlYXJjaFRleHQQAhgEIAA,3.9,74,general_contractor,fail,franchise/national brand
ChIJfZyfs5DBOIgRQrWHZuvPRJ8,REIC Rentals,hvac,"13321 Industrial Pkwy, Marysville, OH 43040, USA",12.1,(952) 448-6225,https://reic.com/location/marysville/,https://maps.google.com/?cid=11476526360391300418&g_mp=Cidnb29nbGUubWFwcy5wbGFjZXMudjEuUGxhY2VzLlNlYXJjaFRleHQQAhgEIAA,0,0,service,fail,multi-location site; too few reviews; not clearly HVAC/plumbing
ChIJV3dZXGhfOIgR6LNauU_ezB8,Doone's Plumbing,plumbing,"7603 Park Bend Ct, Westerville, OH 43082, USA",12.1,(614) 891-1600,,https://maps.google.com/?cid=2291450744418251752&g_mp=Cidnb29nbGUubWFwcy5wbGFjZXMudjEuUGxhY2VzLlNlYXJjaFRleHQQAhgEIAA,4.9,10,plumber,fail,no website
ChIJE9qEt-yJOIgRfqSLDFOPCxs,Winsupply of Columbus,plumbing,"2628 Johnstown Rd, Columbus, OH 43219, USA",12.1,(614) 476-1560,https://www.winsupplyinc.com/Location/Columbus-OH/43219/Plumbing-Supplies,https://maps.google.com/?cid=1948808850623407230&g_mp=Cidnb29nbGUubWFwcy5wbGFjZXMudjEuUGxhY2VzLlNlYXJjaFRleHQQAhgEIAA,5,115,manufacturer,fail,multi-location site; not clearly HVAC/plumbing; category: manufacturer
ChIJBXExSIPlOIgRR1gsfr1Z8WY,Trucco Construction,plumbing,"3531 Airport Rd, Delaware, OH 43015, USA",12.3,(740) 417-9010,https://www.truccoconstruction.com/,https://maps.google.com/?cid=7417808731656443975&g_mp=Cidnb29nbGUubWFwcy5wbGFjZXMudjEuUGxhY2VzLlNlYXJjaFRleHQQAhgEIAA,4.8,9,general_contractor,fail,too few reviews; not clearly HVAC/plumbing
ChIJG-W2tsRhOIgRxa7bG9h74_o,Housecall Crew,hvac,"4285 Morse Rd, Gahanna, OH 43230, USA",12.4,(740) 675-6388,https://housecallcrew.com/?utm_source=google&utm_medium=gbp,https://maps.google.com/?cid=18078429497305837253&g_mp=Cidnb29nbGUubWFwcy5wbGFjZXMudjEuUGxhY2VzLlNlYXJjaFRleHQQAhgEIAA,5,11,general_contractor,fail,not clearly HVAC/plumbing
ChIJh1dLRkFfOIgR7cb0ZcrIb2g,Guardian Heating & Cooling.,hvac,"6260 Langton Cir, Westerville, OH 43082, USA",12.5,(740) 965-4899,,https://maps.google.com/?cid=7525454273978877677&g_mp=Cidnb29nbGUubWFwcy5wbGFjZXMudjEuUGxhY2VzLlNlYXJjaFRleHQQAhgEIAA,4.4,13,general_contractor,fail,no website
ChIJxYh0c7r6OIgRqtUYivR41i0,PuroClean Restoration Specialists,plumbing,"886 Stratford Rd, Delaware, OH 43015, USA",12.6,(740) 325-2053,https://www.purocleandelaware.com/,https://maps.google.com/?cid=3302960368407074218&g_mp=Cidnb29nbGUubWFwcy5wbGFjZXMudjEuUGxhY2VzLlNlYXJjaFRleHQQAhgEIAA,4.7,127,general_contractor,fail,not clearly HVAC/plumbing
ChIJI8xdV0pgOIgR0iTsFNB13dk,Farkas Plumbing,plumbing,"212 Glenhurst Ct, Gahanna, OH 43230, USA",12.6,,,https://maps.google.com/?cid=15698833412648084690&g_mp=Cidnb29nbGUubWFwcy5wbGFjZXMudjEuUGxhY2VzLlNlYXJjaFRleHQQAhgEIAA,5,1,plumber,fail,too few reviews; no website
ChIJI1Bac0blOIgR3JD8Tgh078M,Carr Supply - Delaware,plumbing,"160 Johnson Dr, Delaware, OH 43015, USA",12.7,(740) 363-3767,https://www.carrsupply.com/delaware-oh,https://maps.google.com/?cid=14118630935863529692&g_mp=Cidnb29nbGUubWFwcy5wbGFjZXMudjEuUGxhY2VzLlNlYXJjaFRleHQQAhgEIAA,4.1,15,wholesaler,fail,not clearly HVAC/plumbing; category: wholesaler
ChIJjR60IOyJOIgRhg-ADjKlivg,Vertical Heating and Cooling,hvac,"1275 S Houk Rd, Delaware, OH 43015, USA",12.8,(740) 224-4707,,https://maps.google.com/?cid=17909308502602420102&g_mp=Cidnb29nbGUubWFwcy5wbGFjZXMudjEuUGxhY2VzLlNlYXJjaFRleHQQAhgEIAA,4.3,6,general_contractor,fail,too few reviews; no website
ChIJhcZb36FhOIgR2nUvilFAhHU,AllStar Columbus HVAC Repair,hvac,"624 Ridenour Rd, Columbus, OH 43230, USA",12.8,(380) 254-8783,https://allstarcolumbushvacrepair.site/,https://maps.google.com/?cid=8467963918318269914&g_mp=Cidnb29nbGUubWFwcy5wbGFjZXMudjEuUGxhY2VzLlNlYXJjaFRleHQQAhgEIAA,0,0,store,fail,too few reviews; category: store
ChIJy5bo71PlOIgRwNbl2P2MN7k,One Hour Heating & Air Conditioning,hvac,"1751 Pittsburgh Dr Ste 107, Delaware, OH 43015, USA",12.9,(740) 204-2530,https://www.onehourheatandair.com/delaware,https://maps.google.com/?cid=13346291042629310144&g_mp=Cidnb29nbGUubWFwcy5wbGFjZXMudjEuUGxhY2VzLlNlYXJjaFRleHQQAhgEIAA,5,13,general_contractor,fail,franchise/national brand
ChIJvYs7CM2FOIgRHNMvDa9YztA,Falcon Heating and Air,hvac,"2352 Bohnburg Ave, Grove City, OH 43123, USA",12.9,(614) 499-2228,,https://maps.google.com/?cid=15046060913955164956&g_mp=Cidnb29nbGUubWFwcy5wbGFjZXMudjEuUGxhY2VzLlNlYXJjaFRleHQQAhgEIAA,5,1,general_contractor,fail,too few reviews; no website
ChIJJ-3zvXvlOIgRGr99kUWcgac,Benjamin Franklin Plumbing,hvac+plumbing,"1751 Pittsburgh Dr Ste 106, Delaware, OH 43015, USA",12.9,(740) 520-2665,https://www.benjaminfranklinplumbing.com/delaware-marysville/,https://maps.google.com/?cid=12070100298937253658&g_mp=Cidnb29nbGUubWFwcy5wbGFjZXMudjEuUGxhY2VzLlNlYXJjaFRleHQQAhgEIAA,5,172,plumber,fail,franchise/national brand
ChIJp3F74baaOIgRhlcXhUPHZns,OPB Complete Home Maintenance LLC,plumbing,"2993 Moyer Ln, Grove City, OH 43123, USA",13.1,(614) 626-1169,https://sites.google.com/view/opbchm,https://maps.google.com/?cid=8892013607099258758&g_mp=Cidnb29nbGUubWFwcy5wbGFjZXMudjEuUGxhY2VzLlNlYXJjaFRleHQQAhgEIAA,4.6,7,general_contractor,fail,too few reviews; not clearly HVAC/plumbing
ChIJP3qDMY36OIgRBPzdqLQKbCA,Benedetti Services,plumbing,"1023 Berlin Station Rd, Delaware, OH 43015, USA",13.2,(740) 362-9500,http://benedettiservices.com/,https://maps.google.com/?cid=2336254077741956100&g_mp=Cidnb29nbGUubWFwcy5wbGFjZXMudjEuUGxhY2VzLlNlYXJjaFRleHQQAhgEIAA,0,0,service,fail,too few reviews; not clearly HVAC/plumbing
ChIJERUUI8b6OIgRZfN5NciQH9k,Ross Heating & Cooling,hvac,"325 S Sandusky St #302, Delaware, OH 43015, USA",13.3,(740) 362-7677,,https://maps.google.com/?cid=15645382820073436005&g_mp=Cidnb29nbGUubWFwcy5wbGFjZXMudjEuUGxhY2VzLlNlYXJjaFRleHQQAhgEIAA,3.9,16,general_contractor,fail,no website
ChIJ0xopA1BjOIgR6SDi4IGMjdc,New view Services & hvac systems LLC,hvac,"743 N James Rd, Columbus, OH 43219, USA",13.4,(614) 946-6383,,https://maps.google.com/?cid=15532225179322294505&g_mp=Cidnb29nbGUubWFwcy5wbGFjZXMudjEuUGxhY2VzLlNlYXJjaFRleHQQAhgEIAA,2.1,7,general_contractor,fail,too few reviews; low rating; no website
ChIJ-TbXqXViOIgRJnuTOTJk2eE,3B Mechanical Heating & Cooling,hvac,"701 N James Rd, Columbus, OH 43219, USA",13.4,(614) 231-0000,http://3bmechanical.com/,https://maps.google.com/?cid=16274148895357106982&g_mp=Cidnb29nbGUubWFwcy5wbGFjZXMudjEuUGxhY2VzLlNlYXJjaFRleHQQAhgEIAA,2.7,11,general_contractor,fail,low rating
ChIJ8evXHMGQOIgRpY0R2EEuc0Y,BCI Mechanical Contracting,plumbing,"741 N James Rd, Columbus, OH 43219, USA",13.4,(614) 419-5066,http://www.bcimechanicalcontracting.com/,https://maps.google.com/?cid=5076452065309461925&g_mp=Cidnb29nbGUubWFwcy5wbGFjZXMudjEuUGxhY2VzLlNlYXJjaFRleHQQAhgEIAA,4.4,9,plumber,fail,too few reviews
ChIJ38O6s8X6OIgRgFN7_FlBmZ8,Worly Plumbing Supply Inc,plumbing,"54 E Harrison St, Delaware, OH 43015, USA",13.5,(740) 363-1151,http://thinkworly.com/,https://maps.google.com/?cid=11500294978211107712&g_mp=Cidnb29nbGUubWFwcy5wbGFjZXMudjEuUGxhY2VzLlNlYXJjaFRleHQQAhgEIAA,4.8,20,manufacturer,fail,category: manufacturer
ChIJU8T33IJxw4YRiyau5aKPd_c,Onyx General Construction LLC,plumbing,"156 Diverston Way, Delaware, OH 43015, USA",13.5,(614) 817-4094,https://www.onyxconstructioncbus.com/,https://maps.google.com/?cid=17831879179397637771&g_mp=Cidnb29nbGUubWFwcy5wbGFjZXMudjEuUGxhY2VzLlNlYXJjaFRleHQQAhgEIAA,0,0,general_contractor,fail,too few reviews; not clearly HVAC/plumbing
ChIJN5zw-wqFOIgR2bftNK1Jdvg,CST Utilities LLC,plumbing,"2136 Hardy Pkwy, Grove City, OH 43123, USA",13.5,(614) 801-9600,http://www.cstutilities.com/,https://maps.google.com/?cid=17903578376924149721&g_mp=Cidnb29nbGUubWFwcy5wbGFjZXMudjEuUGxhY2VzLlNlYXJjaFRleHQQAhgEIAA,4.6,92,general_contractor,fail,not clearly HVAC/plumbing
ChIJQVSMKoFWaW4RMbuaZDKXxGE,WILSON & SONS HANDYMAN SERVICES,plumbing,"2445 Demorest Rd, Grove City, OH 43123, USA",13.5,(614) 607-8512,,https://maps.google.com/?cid=7044921959806319409&g_mp=Cidnb29nbGUubWFwcy5wbGFjZXMudjEuUGxhY2VzLlNlYXJjaFRleHQQAhgEIAA,5,2,general_contractor,fail,too few reviews; no website; not clearly HVAC/plumbing
ChIJH4_FtNZhOIgR682N7fWSSZw,Ace Handyman Services East Columbus,plumbing,"81 Mill St Ste 300, Gahanna, OH 43230, USA",13.5,(614) 881-1125,https://www.acehandymanservices.com/offices/east-columbus?utm_source=google&utm_medium=gbp,https://maps.google.com/?cid=11261693928166772203&g_mp=Cidnb29nbGUubWFwcy5wbGFjZXMudjEuUGxhY2VzLlNlYXJjaFRleHQQAhgEIAA,5,210,general_contractor,fail,not clearly HVAC/plumbing
ChIJoUSs5ZFhOIgRI00Abgcs2Gc,Joe Coffman Plumbing,plumbing,"Gahanna, OH 43230, USA",13.6,(614) 471-6607,,https://maps.google.com/?cid=7482779191297985827&g_mp=Cidnb29nbGUubWFwcy5wbGFjZXMudjEuUGxhY2VzLlNlYXJjaFRleHQQAhgEIAA,4.4,21,plumber,fail,no website
ChIJqek34iuFOIgRY8-pAnYyxkc,Kirk Williams Company,hvac,"2734 Home Rd, Grove City, OH 43123, USA",13.8,(614) 875-9023,http://kirkwilliamsco.com/,https://maps.google.com/?cid=5171876704513806179&g_mp=Cidnb29nbGUubWFwcy5wbGFjZXMudjEuUGxhY2VzLlNlYXJjaFRleHQQAhgEIAA,3,14,general_contractor,fail,low rating; not clearly HVAC/plumbing
ChIJuSZwJSZeOIgRBsPqysqnLJQ,Master Air,hvac,"5125 Warner Rd, Westerville, OH 43081, USA",13.8,(614) 775-9505,http://www.masteraircolumbus.com/,https://maps.google.com/?cid=10677093306018218758&g_mp=Cidnb29nbGUubWFwcy5wbGFjZXMudjEuUGxhY2VzLlNlYXJjaFRleHQQAhgEIAA,4,8,general_contractor,fail,too few reviews
ChIJJSV8eiZeOIgRp6v3-YOq5pA,Dave's Plumbing Inc,plumbing,"5180 Warner Rd, Westerville, OH 43081, USA",13.9,(614) 939-4077,,https://maps.google.com/?cid=10441220269916269479&g_mp=Cidnb29nbGUubWFwcy5wbGFjZXMudjEuUGxhY2VzLlNlYXJjaFRleHQQAhgEIAA,5,1,plumber,fail,too few reviews; no website
ChIJv2FY-LP7OIgRcZPDl-rtBtQ,Mr. Rooter Plumbing of Delaware County,plumbing,"70 S Sandusky St Suite 112A, Delaware, OH 43015, USA",13.9,(614) 362-2497,https://www.mrrooter.com/delaware-county-oh/?cid=LSTL_MRR000199&utm_source=gmb&utm_campaign=local&utm_medium=organic,https://maps.google.com/?cid=15278160377725293425&g_mp=Cidnb29nbGUubWFwcy5wbGFjZXMudjEuUGxhY2VzLlNlYXJjaFRleHQQAhgEIAA,4.7,86,plumber,fail,franchise/national brand
ChIJ3cMou_PDOIgRX6f5nA4sf6M,D2D Warehouse,plumbing,"14651 Industrial Pkwy, Marysville, OH 43040, USA",13.9,(937) 644-2400,https://www.outputsales.com/d2d-warehouse,https://maps.google.com/?cid=11781183591499278175&g_mp=Cidnb29nbGUubWFwcy5wbGFjZXMudjEuUGxhY2VzLlNlYXJjaFRleHQQAhgEIAA,5,5,manufacturer,fail,too few reviews; not clearly HVAC/plumbing; category: manufacturer
ChIJ34Gac9r6OIgRog62JXHienA,Cardinal Heating & Cooling Llc,hvac,"Sandusky St and, E William St, Delaware, OH 43015, USA",14.0,(740) 369-0965,,https://maps.google.com/?cid=8105039454998498978&g_mp=Cidnb29nbGUubWFwcy5wbGFjZXMudjEuUGxhY2VzLlNlYXJjaFRleHQQAhgEIAA,4.9,11,general_contractor,fail,no website
ChIJhS76D9vVcC8RwqeMKj86TK8,"R & T Yoder Plumbing, Inc - Delaware",hvac+plumbing,"18 E William St Ste B, Delaware, OH 43015, USA",14.0,(614) 924-7319,https://www.rtyoder.com/plumber-delaware-ohio/,https://maps.google.com/?cid=12631535097838610370&g_mp=Cidnb29nbGUubWFwcy5wbGFjZXMudjEuUGxhY2VzLlNlYXJjaFRleHQQAhgEIAA,4.7,38,plumber,fail,franchise/national brand
ChIJs-p-9NP6OIgRvlzBEMYGTvE,AMIDONIAN llc,plumbing,"161 W Winter St, Delaware, OH 43015, USA",14.0,(614) 226-8744,http://www.amidonian.com/,https://maps.google.com/?cid=17387842659078462654&g_mp=Cidnb29nbGUubWFwcy5wbGFjZXMudjEuUGxhY2VzLlNlYXJjaFRleHQQAhgEIAA,5,33,home_improvement_store,fail,not clearly HVAC/plumbing; category: home_improvement_store
ChIJyy1UPxHlOIgRac6pDU-GzAU,Delaware Chimney Services,plumbing,"113 Franks Field Dr, Delaware, OH 43015, USA",14.0,(220) 246-7579,http://delawarechimneyservices.com/,https://maps.google.com/?cid=417856539528384105&g_mp=Cidnb29nbGUubWFwcy5wbGFjZXMudjEuUGxhY2VzLlNlYXJjaFRleHQQAhgEIAA,4.9,57,,fail,not clearly HVAC/plumbing
ChIJ0WxSE-1gOIgRDa9vOZRHwyk,Tackle Your List,plumbing,"6250 Brickside Dr, New Albany, OH 43054, USA",14.0,(614) 989-2054,https://www.tackleyourlist.com/,https://maps.google.com/?cid=3009327677957975821&g_mp=Cidnb29nbGUubWFwcy5wbGFjZXMudjEuUGxhY2VzLlNlYXJjaFRleHQQAhgEIAA,4.8,17,general_contractor,fail,not clearly HVAC/plumbing
ChIJ_7S1-oSbOIgRyEHOl3gtTKU,Johnsons Handymen Services,plumbing,"3480 Central Ave, Grove City, OH 43123, USA",14.0,,,https://maps.google.com/?cid=11910945110454321608&g_mp=Cidnb29nbGUubWFwcy5wbGFjZXMudjEuUGxhY2VzLlNlYXJjaFRleHQQAhgEIAA,5,1,general_contractor,fail,too few reviews; no website; not clearly HVAC/plumbing
ChIJxcQgUqD7OIgR088L_bnZAyU,Roto-Rooter Plumbing & Water Cleanup,plumbing,"26 W Central Ave #201, Delaware, OH 43015, USA",14.2,(740) 363-1015,https://www.rotorooter.com/delawareoh/?utm_source=Google&utm_medium=organic&utm_campaign=gmb&utm_content=website,https://maps.google.com/?cid=2667214797171052499&g_mp=Cidnb29nbGUubWFwcy5wbGFjZXMudjEuUGxhY2VzLlNlYXJjaFRleHQQAhgEIAA,4.8,1387,plumber,fail,franchise/national brand; likely too large
ChIJrVY7FnqIOIgRECT_KdyJosQ,"Ohio Technical Services, Inc.",hvac,"2829 Jackson Pike, Grove City, OH 43123, USA",14.4,(614) 372-0829,http://www.ohiotechserv.com/,https://maps.google.com/?cid=14169038956351398928&g_mp=Cidnb29nbGUubWFwcy5wbGFjZXMudjEuUGxhY2VzLlNlYXJjaFRleHQQAhgEIAA,4.9,65,general_contractor,fail,not clearly HVAC/plumbing
ChIJb7NLsLhhOIgR-719Cv8gFFw,Rapid Handy Pro,plumbing,"6525 Anthony Martin, New Albany, OH 43054, USA",14.4,(614) 714-1952,https://rapidhandypro.com/,https://maps.google.com/?cid=6634964430788345339&g_mp=Cidnb29nbGUubWFwcy5wbGFjZXMudjEuUGxhY2VzLlNlYXJjaFRleHQQAhgEIAA,5,4,general_contractor,fail,too few reviews; not clearly HVAC/plumbing
ChIJIxQsW_CNOIgRh0qPBWQRoYo,Marcum and son Plumbing Heating and Cooling,hvac+plumbing,"196 Georgetown Dr Apt 2, Delaware, OH 43015, USA",14.7,(614) 403-5775,,https://maps.google.com/?cid=9989284569772149383&g_mp=Cidnb29nbGUubWFwcy5wbGFjZXMudjEuUGxhY2VzLlNlYXJjaFRleHQQAhgEIAA,5,4,general_contractor,fail,too few reviews; no website
ChIJl_U9ioxeOIgRMIWJX9w2WtU,Judge's Sanitation & Excavating LLC,plumbing,"10745 County Rd 20, Westerville, OH 43082, USA",14.7,,,https://maps.google.com/?cid=15373660598106162480&g_mp=Cidnb29nbGUubWFwcy5wbGFjZXMudjEuUGxhY2VzLlNlYXJjaFRleHQQAhgEIAA,3.9,13,service,fail,no website; not clearly HVAC/plumbing
ChIJRzQSLXjEOIgRQ14XKpiSJYs,Home Services at The Home Depot,hvac+plumbing,"880 Colemans Crossing Blvd, Marysville, OH 43040, USA",14.9,(844) 476-2140,https://www.homedepot.com/l/Marysville/OH/Marysville/43040/3889/services?emt=HSGoogleMaps,https://maps.google.com/?cid=10026581327649136195&g_mp=Cidnb29nbGUubWFwcy5wbGFjZXMudjEuUGxhY2VzLlNlYXJjaFRleHQQAhgEIAA,5,2,general_contractor,fail,franchise/national brand; too few reviews; not clearly HVAC/plumbing
ChIJaSeHMXjEOIgR78QNG185PIQ,880 Colemans Crossing Blvd Plumbing,plumbing,"880 Colemans Crossing Blvd Plumbing, Marysville, OH 43040, USA",14.9,,,https://maps.google.com/?cid=9528553992247690479&g_mp=Cidnb29nbGUubWFwcy5wbGFjZXMudjEuUGxhY2VzLlNlYXJjaFRleHQQAhgEIAA,0,0,,fail,too few reviews; no website
ChIJ3WiTL3jEOIgRLaWK-JuzXas,"880 Colemans Crossing Blvd Plumbing, Kitchen & Bath",plumbing,"880 Colemans Crossing Blvd Plumbing, Kitchen & Bath, Marysville, OH 43040, USA",14.9,,,https://maps.google.com/?cid=12348223235790906669&g_mp=Cidnb29nbGUubWFwcy5wbGFjZXMudjEuUGxhY2VzLlNlYXJjaFRleHQQAhgEIAA,0,0,,fail,too few reviews; no website
ChIJq6pWwnaGOIgRAe01bEcEw2o,R & B Sewer & Drain Cleaning,plumbing,"232 E Alcott Rd, Columbus, OH 43207, USA",14.9,,,https://maps.google.com/?cid=7692997293283601665&g_mp=Cidnb29nbGUubWFwcy5wbGFjZXMudjEuUGxhY2VzLlNlYXJjaFRleHQQAhgEIAA,4.7,14,plumber,fail,no website
ChIJKzOCaxGbOIgRjHpG95hWZJs,"Buckeye Heating, Cooling, Plumbing & Electrical",hvac+plumbing,"3989 Broadway Ste 220, Grove City, OH 43123, USA",15.0,(614) 254-6947,https://buckeyeheat.com/location/grove-city-ohio/?utm_campaign=gmb_msg-col_home_everyone_grove-city&utm_medium=gmb&utm_source=google,https://maps.google.com/?cid=11197169788533504652&g_mp=Cidnb29nbGUubWFwcy5wbGFjZXMudjEuUGxhY2VzLlNlYXJjaFRleHQQAhgEIAA,4.9,643,service,fail,multi-location site
ChIJVVU5gxObOIgRiCPXEUqPkhY,Tailor Made Mechanical Inc.,hvac,"3899 Grove City Rd, Grove City, OH 43123, USA",15.0,(614) 796-3118,,https://maps.google.com/?cid=1626519963723834248&g_mp=Cidnb29nbGUubWFwcy5wbGFjZXMudjEuUGxhY2VzLlNlYXJjaFRleHQQAhgEIAA,0,0,service,fail,too few reviews; no website
ChIJBS-Hw3uFOIgRsRJam1iyjf4,Applied Mechanical Systems-Columbus,hvac,"3797 McDowell Rd, Grove City, OH 43123, USA",15.1,(614) 339-0377,https://appliedmechanicalsys.com/,https://maps.google.com/?cid=18342512950983135921&g_mp=Cidnb29nbGUubWFwcy5wbGFjZXMudjEuUGxhY2VzLlNlYXJjaFRleHQQAhgEIAA,5,1,general_contractor,fail,too few reviews
ChIJlRgmg-WEOIgR45yqmj6pzsE,Lennox Stores (Parts Plus),hvac,"3750 Brookham Dr A, Grove City, OH 43123, USA",15.1,(614) 871-3017,https://www.lennoxpros.com/stores/location/grove-city?utm_source=G&utm_medium=local&utm_campaign=google-local,https://maps.google.com/?cid=13965285580870425827&g_mp=Cidnb29nbGUubWFwcy5wbGFjZXMudjEuUGxhY2VzLlNlYXJjaFRleHQQAhgEIAA,4.2,68,,fail,multi-location site; not clearly HVAC/plumbing
ChIJ6__DyzmbOIgRcpBEafl8sM4,Gillivan Plumbing & Electric,hvac+plumbing,"3302 Park St, Grove City, OH 43123, USA",15.1,(614) 871-1987,https://go.thryv.com/site/gillivanplumbing,https://maps.google.com/?cid=14893541378369032306&g_mp=Cidnb29nbGUubWFwcy5wbGFjZXMudjEuUGxhY2VzLlNlYXJjaFRleHQQAhgEIAA,3.7,3,plumber,fail,too few reviews; low rating
ChIJ7ZtFcvPlOIgRur8jCAcksuw,Ross Heating & Cooling,hvac,"2859 State Rte 37 W, Delaware, OH 43015, USA",15.2,(740) 362-7677,,https://maps.google.com/?cid=17055734351425421242&g_mp=Cidnb29nbGUubWFwcy5wbGFjZXMudjEuUGxhY2VzLlNlYXJjaFRleHQQAhgEIAA,0,0,general_contractor,fail,too few reviews; no website
ChIJwZQwXFCbOIgRq70aOOKj1ak,Buckeye HVAC Repair Grove City,hvac,"3009 Columbus St, Grove City, OH 43123, USA",15.2,(216) 682-2508,https://buckeyehvacrepairgrovecity.site/,https://maps.google.com/?cid=12237867754448403883&g_mp=Cidnb29nbGUubWFwcy5wbGFjZXMudjEuUGxhY2VzLlNlYXJjaFRleHQQAhgEIAA,5,2,store,fail,too few reviews; category: store
ChIJY_Du1mqbOIgRZQ-4wSQmeLY,Air Solutions,hvac,"4173 Arbutus Ave, Grove City, OH 43123, USA",15.2,(614) 625-8988,,https://maps.google.com/?cid=13148301051418906469&g_mp=Cidnb29nbGUubWFwcy5wbGFjZXMudjEuUGxhY2VzLlNlYXJjaFRleHQQAhgEIAA,5,8,general_contractor,fail,too few reviews; no website
ChIJHwV3i--EOIgRYe2CWErtPrc,"Maverick Chimney Cleaning And Air Duct Cleaning Services, OH",hvac,"1667 Gateway Cir, Grove City, OH 43123, USA",15.2,(380) 666-6442,,https://maps.google.com/?cid=13204252061065211233&g_mp=Cidnb29nbGUubWFwcy5wbGFjZXMudjEuUGxhY2VzLlNlYXJjaFRleHQQAhgEIAA,5,3,general_contractor,fail,too few reviews; no website; adjacent trade
ChIJ1-UGdF3pOIgRzeu5ZKctSRQ,Buckeye Basement Solutions,plumbing,"755 U.S. Hwy 23 N A, Delaware, OH 43015, USA",15.2,(614) 350-1872,https://buckeyebasementsolutions.com/?utm_source=gbp&utm_medium=organic&utm_campaign=wolfpack,https://maps.google.com/?cid=1461749751031131085&g_mp=Cidnb29nbGUubWFwcy5wbGFjZXMudjEuUGxhY2VzLlNlYXJjaFRleHQQAhgEIAA,5,374,service,fail,not clearly HVAC/plumbing
ChIJORmh982EOIgRuNqcQypxzvw,Thomcon Renovations,plumbing,"3971 Hoover Rd Ste 237, Grove City, OH 43123, USA",15.2,(614) 774-3513,http://thomcon1.com/,https://maps.google.com/?cid=18216621969097153208&g_mp=Cidnb29nbGUubWFwcy5wbGFjZXMudjEuUGxhY2VzLlNlYXJjaFRleHQQAhgEIAA,5,5,general_contractor,fail,too few reviews; not clearly HVAC/plumbing
ChIJ8TXScuebOIgRYJdvUnvBMWA,Guaranteed Plumbing-Drain Pros,plumbing,"3363 Norton Rd, Grove City, OH 43123, USA",15.3,(614) 279-0770,,https://maps.google.com/?cid=6931534036908087136&g_mp=Cidnb29nbGUubWFwcy5wbGFjZXMudjEuUGxhY2VzLlNlYXJjaFRleHQQAhgEIAA,4.5,4,plumber,fail,too few reviews; no website
ChIJ0-usNWfEOIgR4XmhAjXPzZA,Aqua Systems,plumbing,"1221 Columbus Ave, Marysville, OH 43040, USA",15.3,(937) 707-6199,https://www.ilovemywater.com/columbusoh?utm_campaign=gmb,https://maps.google.com/?cid=10434223738271660513&g_mp=Cidnb29nbGUubWFwcy5wbGFjZXMudjEuUGxhY2VzLlNlYXJjaFRleHQQAhgEIAA,4.8,120,store,fail,not clearly HVAC/plumbing; category: store
ChIJfR8wcxhfOIgRC2YoQvSXWu0,PRECISE CONSTRUCTION SERVICES,plumbing,"5195 Hampsted Village Center Way Ste 197, New Albany, OH 43054, USA",15.3,(614) 420-6554,https://preciseconstructionservices.homes/,https://maps.google.com/?cid=17103149610230638091&g_mp=Cidnb29nbGUubWFwcy5wbGFjZXMudjEuUGxhY2VzLlNlYXJjaFRleHQQAhgEIAA,5,6,general_contractor,fail,too few reviews; not clearly HVAC/plumbing
ChIJoa121WeFOIgR4XWwWm-Jj44,Dor-Mar Grove City Heating AC & Plumbing,hvac+plumbing,"4048 Parkmead Dr, Grove City, OH 43123, USA",15.4,(614) 595-3098,https://www.dormarhvac.com/locations/franklin-county/grove-city/,https://maps.google.com/?cid=10272580386411279841&g_mp=Cidnb29nbGUubWFwcy5wbGFjZXMudjEuUGxhY2VzLlNlYXJjaFRleHQQAhgEIAA,4.7,70,general_contractor,fail,multi-location site
ChIJwRWdDbiFOIgRpnqEs8XZCns,Perry's Heating & Cooling,hvac,"2082 Stringtown Rd suite 972, Grove City, OH 43123, USA",15.4,(614) 674-1301,,https://maps.google.com/?cid=8866138259575831206&g_mp=Cidnb29nbGUubWFwcy5wbGFjZXMudjEuUGxhY2VzLlNlYXJjaFRleHQQAhgEIAA,3.1,15,general_contractor,fail,low rating; no website
ChIJk0YeeDWbOIgRf2kKoN8c2lA,Capital City Mechanical,hvac+plumbing,"Grove City, OH 43123, USA",15.4,(740) 653-2292,,https://maps.google.com/?cid=5826000814745479551&g_mp=Cidnb29nbGUubWFwcy5wbGFjZXMudjEuUGxhY2VzLlNlYXJjaFRleHQQAhgEIAA,5,3,general_contractor,fail,too few reviews; no website
ChIJ4eH1HDebOIgR-5b7ctg8Caw,Columbus Building Services Inc,hvac,"3995 Thistlewood Dr B, Grove City, OH 43123, USA",15.4,(614) 837-6194,http://www.cbsiohio.com/,https://maps.google.com/?cid=12396506349653694203&g_mp=Cidnb29nbGUubWFwcy5wbGFjZXMudjEuUGxhY2VzLlNlYXJjaFRleHQQAhgEIAA,4.8,4,general_contractor,fail,too few reviews; not clearly HVAC/plumbing
ChIJQ6X9k5N0YwoRyZqwj6E4iJE,"Madden Property Maintenance, LLC",hvac+plumbing,"2082 Stringtown Rd Unit 118, Grove City, OH 43123, USA",15.4,(740) 505-1839,,https://maps.google.com/?cid=10486693998883805897&g_mp=Cidnb29nbGUubWFwcy5wbGFjZXMudjEuUGxhY2VzLlNlYXJjaFRleHQQAhgEIAA,3.6,13,general_contractor,fail,low rating; no website; not clearly HVAC/plumbing
ChIJ5T2Y6UGbOIgRksr0XwinSrA,AIS Renovations,hvac+plumbing,"4394 Broadway, Grove City, OH 43123, USA",15.5,(614) 878-9388,https://www.aisrenovations.com/,https://maps.google.com/?cid=12703149353363360402&g_mp=Cidnb29nbGUubWFwcy5wbGFjZXMudjEuUGxhY2VzLlNlYXJjaFRleHQQAhgEIAA,4.7,53,general_contractor,fail,not clearly HVAC/plumbing
ChIJ15Yh6kljOIgRU41p4iYBkqI,"Apex Pros Plumbing, Electrical, Heating and Air",hvac+plumbing,"834 Morrison Rd, Gahanna, OH 43230, USA",15.5,(614) 810-4501,https://apexpros.com/gahanna-oh/,https://maps.google.com/?cid=11714426847263034707&g_mp=Cidnb29nbGUubWFwcy5wbGFjZXMudjEuUGxhY2VzLlNlYXJjaFRleHQQAhgEIAA,4.8,1042,service,fail,likely too large
ChIJXY8ssc9jOIgRDDosKrCigXM,Precision Seven,hvac,"836 Morrison Rd, Gahanna, OH 43230, USA",15.5,(614) 454-1872,https://www.precisionseven.com/,https://maps.google.com/?cid=8323112463862872588&g_mp=Cidnb29nbGUubWFwcy5wbGFjZXMudjEuUGxhY2VzLlNlYXJjaFRleHQQAhgEIAA,5,6,general_contractor,fail,too few reviews; not clearly HVAC/plumbing
ChIJdezbPDr7OIgROPjMy8WomfA,Zimmerman & Co,plumbing,"200 Law Rd, Delaware, OH 43015, USA",15.5,(740) 369-7594,,https://maps.google.com/?cid=17337073808020666424&g_mp=Cidnb29nbGUubWFwcy5wbGFjZXMudjEuUGxhY2VzLlNlYXJjaFRleHQQAhgEIAA,5,5,general_contractor,fail,too few reviews; no website; not clearly HVAC/plumbing
ChIJZ09hOJibOIgRmADP1vE9u6Q,Rooterman of Columbus,plumbing,"3979 Thistlewood Dr, Grove City, OH 43123, USA",15.5,(614) 483-3949,,https://maps.google.com/?cid=11870149351765377176&g_mp=Cidnb29nbGUubWFwcy5wbGFjZXMudjEuUGxhY2VzLlNlYXJjaFRleHQQAhgEIAA,2.3,21,plumber,fail,low rating; no website
ChIJ1c9Vr_aEOIgRyoK6fxGBjys,Home Services at The Home Depot,hvac+plumbing,"1680 Stringtown Rd, Grove City, OH 43123, USA",15.6,(844) 476-2140,https://www.homedepot.com/l/Grove-City/OH/Grove-City/43123/6954/services?emt=HSGoogleMaps,https://maps.google.com/?cid=3138869377457881802&g_mp=Cidnb29nbGUubWFwcy5wbGFjZXMudjEuUGxhY2VzLlNlYXJjaFRleHQQAhgEIAA,3.8,4,general_contractor,fail,franchise/national brand; too few reviews; not clearly HVAC/plumbing
ChIJYfJig8CEOIgR5s_BGJQLwq8,"JMSM Heating-Cooling-Cooking-Fountain-Refrigeration, LLC",hvac,"2167 Stringtown Rd, Grove City, OH 43123, USA",15.6,(614) 363-3070,,https://maps.google.com/?cid=12664697832817676262&g_mp=Cidnb29nbGUubWFwcy5wbGFjZXMudjEuUGxhY2VzLlNlYXJjaFRleHQQAhgEIAA,0,0,service,fail,too few reviews; no website
ChIJP509ccUvqUoRdgIpMEMcx8s,Franklin ProWash,plumbing,"6570 Rolling Hills Pl, Grove City, OH 43123, USA",15.6,(614) 285-7225,http://www.franklinprowash.com/,https://maps.google.com/?cid=14683736184961172086&g_mp=Cidnb29nbGUubWFwcy5wbGFjZXMudjEuUGxhY2VzLlNlYXJjaFRleHQQAhgEIAA,5,164,service,fail,not clearly HVAC/plumbing
ChIJrVPiNnebOIgRNUln4auGMAI,jacks place,hvac+plumbing,"4721 Rensch Rd, Grove City, OH 43123, USA",15.8,(614) 871-4747,,https://maps.google.com/?cid=157774059737139509&g_mp=Cidnb29nbGUubWFwcy5wbGFjZXMudjEuUGxhY2VzLlNlYXJjaFRleHQQAhgEIAA,4,4,plumber,fail,too few reviews; no website; not clearly HVAC/plumbing
ChIJXVUwQ5CGOIgRydzUegkaO9A,A Better Drain,plumbing,"3631 S High St, Columbus, OH 43207, USA",15.8,(614) 816-6734,,https://maps.google.com/?cid=15004615211532737737&g_mp=Cidnb29nbGUubWFwcy5wbGFjZXMudjEuUGxhY2VzLlNlYXJjaFRleHQQAhgEIAA,4.3,27,plumber,fail,not operational; no website
ChIJ2W6rzvx9PI0Rose8c_-eNX8,Jesse's Everything Service's,plumbing,"80 Pin Oak Dr, Marysville, OH 43040, USA",15.9,(380) 200-2796,http://jesseseverythingservices.com/,https://maps.google.com/?cid=9166407436578113442&g_mp=Cidnb29nbGUubWFwcy5wbGFjZXMudjEuUGxhY2VzLlNlYXJjaFRleHQQAhgEIAA,5,1,general_contractor,fail,too few reviews; not clearly HVAC/plumbing
ChIJqThqTOljOIgRZdPwbyFrKoo,Romanoff Group,hvac,"977 Gahanna Pkwy, Gahanna, OH 43230, USA",16.0,(614) 755-4500,http://www.romanoffgroup.cc/,https://maps.google.com/?cid=9955887717612049253&g_mp=Cidnb29nbGUubWFwcy5wbGFjZXMudjEuUGxhY2VzLlNlYXJjaFRleHQQAhgEIAA,3.6,79,electrician,fail,low rating; not clearly HVAC/plumbing; category: electrician
ChIJpRZQ8SnMOIgRVY4d_NSStd0,Stay Dry Waterproofing,hvac,"401 Chestnut St, Marysville, OH 43040, USA",16.0,(614) 339-3434,https://www.staydryohio.com/,https://maps.google.com/?cid=15975836696627220053&g_mp=Cidnb29nbGUubWFwcy5wbGFjZXMudjEuUGxhY2VzLlNlYXJjaFRleHQQAhgEIAA,4.8,288,service,fail,not clearly HVAC/plumbing
ChIJc5D6pmDEOIgROw1CP0vJKJY,Winsupply of Marysville,plumbing,"715 E 4th St, Marysville, OH 43040, USA",16.0,(937) 644-0079,https://www.winsupplyinc.com/Location/Marysville-OH/43040/Plumbing-Supplies,https://maps.google.com/?cid=10820119429778640187&g_mp=Cidnb29nbGUubWFwcy5wbGFjZXMudjEuUGxhY2VzLlNlYXJjaFRleHQQAhgEIAA,4.3,6,manufacturer,fail,multi-location site; too few reviews; not clearly HVAC/plumbing; category: manufacturer
ChIJlefymIPTFSkRinkDwEXx5SU,"Leach & Sons Construction, LLC",plumbing,"99 W Main St, New Albany, OH 43054, USA",16.1,(614) 398-0471,https://leachnsons.com/,https://maps.google.com/?cid=2730854030946564490&g_mp=Cidnb29nbGUubWFwcy5wbGFjZXMudjEuUGxhY2VzLlNlYXJjaFRleHQQAhgEIAA,0,0,service,fail,too few reviews; not clearly HVAC/plumbing
ChIJAQBQWVhnOIgRypVwVdy6MUw,Five Star Group,hvac+plumbing,"68 N High St, New Albany, OH 43054, USA",16.2,(614) 636-5002,https://www.fivestargroup.com/about-us/our-members/new-albany-heating-cooling/,https://maps.google.com/?cid=5490374876230358474&g_mp=Cidnb29nbGUubWFwcy5wbGFjZXMudjEuUGxhY2VzLlNlYXJjaFRleHQQAhgEIAA,0,0,service,fail,too few reviews; not clearly HVAC/plumbing
ChIJTfUUwvBdOIgRR6FTJrV1tZo,HVACCentral,hvac,"8000 Walton Pkwy Ste 236, New Albany, OH 43054, USA",16.2,(800) 516-2816,,https://maps.google.com/?cid=11147945873518076231&g_mp=Cidnb29nbGUubWFwcy5wbGFjZXMudjEuUGxhY2VzLlNlYXJjaFRleHQQAhgEIAA,0,0,general_contractor,fail,too few reviews; no website
ChIJc-Spyp7EOIgRntMCOzz9bUU,"L&J Chimney repairs & Chimney inspection of Marysville, OH",hvac,"17456 Waldo Rd, Marysville, OH 43040, USA",16.2,(216) 499-2391,,https://maps.google.com/?cid=5002933196208395166&g_mp=Cidnb29nbGUubWFwcy5wbGFjZXMudjEuUGxhY2VzLlNlYXJjaFRleHQQAhgEIAA,5,5,general_contractor,fail,too few reviews; no website
ChIJYcuBmVb4OIgRKl8FKWGSsW0,Wells Septic & Drain Cleaning,plumbing,"1742 Hogback Rd, Sunbury, OH 43074, USA",16.2,(740) 524-3922,https://www.wellssepticanddraindelawareoh.com/,https://maps.google.com/?cid=7904259767009632042&g_mp=Cidnb29nbGUubWFwcy5wbGFjZXMudjEuUGxhY2VzLlNlYXJjaFRleHQQAhgEIAA,4.5,70,service,fail,adjacent trade
ChIJVVPA6BaJOIgR-H2k9jyHmAE,United Refrigeration Inc,hvac,"650 Taylor Station Rd Ste A, Gahanna, OH 43230, USA",16.3,(614) 253-8607,http://www.uri.com/,https://maps.google.com/?cid=114990486403710456&g_mp=Cidnb29nbGUubWFwcy5wbGFjZXMudjEuUGxhY2VzLlNlYXJjaFRleHQQAhgEIAA,4.4,25,wholesaler,fail,not clearly HVAC/plumbing; category: wholesaler
ChIJ6SWdeVnEOIgRuDvu-D77haA,G Star Heating and Cooling LLC,hvac,"204 E 5th St, Marysville, OH 43040, USA",16.3,(937) 243-6764,,https://maps.google.com/?cid=11566927465853893560&g_mp=Cidnb29nbGUubWFwcy5wbGFjZXMudjEuUGxhY2VzLlNlYXJjaFRleHQQAhgEIAA,0,0,general_contractor,fail,too few reviews; no website
ChIJu6b96N5VxocRNlEKdsHrX9o,"R & T Yoder Electric, Inc - Marysville",hvac+plumbing,"116 S Main St, Marysville, OH 43040, USA",16.3,(937) 884-1995,https://www.rtyoder.com/electrician-marysville-ohio/,https://maps.google.com/?cid=15735554839197405494&g_mp=Cidnb29nbGUubWFwcy5wbGFjZXMudjEuUGxhY2VzLlNlYXJjaFRleHQQAhgEIAA,5,38,electrician,fail,franchise/national brand; not clearly HVAC/plumbing; category: electrician
ChIJI7CXqeRjOIgRpxMexKJu0Yg,Service-Tech Corporation,hvac,"625 Cross Pointe Rd Ste 1, Columbus, OH 43230, USA",16.4,(614) 864-9415,https://www.service-techcorp.com/columbus-oh,https://maps.google.com/?cid=9858782704644789159&g_mp=Cidnb29nbGUubWFwcy5wbGFjZXMudjEuUGxhY2VzLlNlYXJjaFRleHQQAhgEIAA,5,66,service,fail,not clearly HVAC/plumbing
ChIJXeRnzHrFOIgR3J3Rcl-izhc,Vent Masters HVAC Services Ohio,hvac,"236 N Main St, Marysville, OH 43040, USA",16.4,(937) 458-8030,,https://maps.google.com/?cid=1715487038906670556&g_mp=Cidnb29nbGUubWFwcy5wbGFjZXMudjEuUGxhY2VzLlNlYXJjaFRleHQQAhgEIAA,4.3,3,general_contractor,fail,too few reviews; no website
ChIJed-w9VnEOIgRvYpMXIkTjog,Alliance Plumbing & Heating Inc,hvac+plumbing,"Marysville, OH 43040, USA",16.4,(937) 644-2072,,https://maps.google.com/?cid=9839823716531079869&g_mp=Cidnb29nbGUubWFwcy5wbGFjZXMudjEuUGxhY2VzLlNlYXJjaFRleHQQAhgEIAA,4,1,plumber,fail,too few reviews; no website
ChIJq6oe1qKEOIgRS6RgrSn9Gjc,"Hempy Construction, Remodeling, and Restoration",plumbing,"2114 English Turn Dr, Grove City, OH 43123, USA",16.4,(614) 949-9122,http://www.hempyconstruction.com/,https://maps.google.com/?cid=3970764376924791883&g_mp=Cidnb29nbGUubWFwcy5wbGFjZXMudjEuUGxhY2VzLlNlYXJjaFRleHQQAhgEIAA,4.4,31,general_contractor,fail,not clearly HVAC/plumbing
ChIJxae2WwqcOIgRVAlmMn8KtEo,Smmco/SM Miller Construction Co,hvac,"5755 Beatty Rd, Grove City, OH 43123, USA",16.7,(614) 875-0201,http://www.gosmmco.com/,https://maps.google.com/?cid=5382938996037257556&g_mp=Cidnb29nbGUubWFwcy5wbGFjZXMudjEuUGxhY2VzLlNlYXJjaFRleHQQAhgEIAA,5,1,general_contractor,fail,too few reviews; not clearly HVAC/plumbing
ChIJn2EvQ85ZOIgRMrmUAXWqEfk,Sunbury Plumbing & Heating,plumbing,"122 Stone St, Sunbury, OH 43074, USA",16.7,(740) 965-3071,,https://maps.google.com/?cid=17947313409562556722&g_mp=Cidnb29nbGUubWFwcy5wbGFjZXMudjEuUGxhY2VzLlNlYXJjaFRleHQQAhgEIAA,4,38,general_contractor,fail,no website
ChIJKRrZ5OxjOIgR9QCaWGZt7Rg,Rannebarger Home Maintenance,plumbing,"324 Josaphat Way, Columbus, OH 43213, USA",16.7,(614) 370-1958,https://rhmaintenance.com/,https://maps.google.com/?cid=1796212112731275509&g_mp=Cidnb29nbGUubWFwcy5wbGFjZXMudjEuUGxhY2VzLlNlYXJjaFRleHQQAhgEIAA,4.9,800,general_contractor,fail,likely too large; not clearly HVAC/plumbing
ChIJ___P34tdOIgRb8EwNbkJlM8,The Hale Construction Company,plumbing,"5870 Zarley St, New Albany, OH 43054, USA",16.9,(614) 939-5260,http://www.hale-construction.com/,https://maps.google.com/?cid=14957590953470247279&g_mp=Cidnb29nbGUubWFwcy5wbGFjZXMudjEuUGxhY2VzLlNlYXJjaFRleHQQAhgEIAA,5,2,general_contractor,fail,too few reviews; not clearly HVAC/plumbing
ChIJS1YWAvRjOIgR5ljqQx9u44w,R.E. Michel Company,hvac,"406 McCormick Blvd, Columbus, OH 43213, USA",17.0,(614) 751-1290,https://www.remichel.com/branches/columbus-oh-43213-hvac,https://maps.google.com/?cid=10152079065585703142&g_mp=Cidnb29nbGUubWFwcy5wbGFjZXMudjEuUGxhY2VzLlNlYXJjaFRleHQQAhgEIAA,4.4,5,wholesaler,fail,too few reviews; not clearly HVAC/plumbing; category: wholesaler
ChIJVf-XB_NjOIgRF9T2RQCO1W4,M J Baumann Co Inc,plumbing,"6400 Broughton Ave, Columbus, OH 43213, USA",17.0,(614) 759-7100,,https://maps.google.com/?cid=7986445646036390935&g_mp=Cidnb29nbGUubWFwcy5wbGFjZXMudjEuUGxhY2VzLlNlYXJjaFRleHQQAhgEIAA,4.6,19,plumber,fail,no website; not clearly HVAC/plumbing
ChIJmecACmCFOIgRnCxewFoZ2PY,Radon Pros,hvac,"1873 Sulton Ct, Grove City, OH 43123, USA",17.4,(614) 594-9394,https://radon-pros.com/,https://maps.google.com/?cid=17786994605864922268&g_mp=Cidnb29nbGUubWFwcy5wbGFjZXMudjEuUGxhY2VzLlNlYXJjaFRleHQQAhgEIAA,5,96,service,fail,not clearly HVAC/plumbing
ChIJb2n4_Nn6OIgR6KAi5e5lhVo,Backflow Pros,plumbing,"3354 U.S. Hwy 23 N Ste A, Delaware, OH 43015, USA",17.4,(740) 369-6200,https://www.backflowpros.net/,https://maps.google.com/?cid=6522731712036905192&g_mp=Cidnb29nbGUubWFwcy5wbGFjZXMudjEuUGxhY2VzLlNlYXJjaFRleHQQAhgEIAA,5,3,plumber,fail,too few reviews; not clearly HVAC/plumbing
ChIJO9t3FyCJOIgRfWiRcd2Veo4,Jeremys Heating And Air Conditioning,hvac,"10342 Johnstown Rd, New Albany, OH 43054, USA",17.5,,,https://maps.google.com/?cid=10266683078870132861&g_mp=Cidnb29nbGUubWFwcy5wbGFjZXMudjEuUGxhY2VzLlNlYXJjaFRleHQQAhgEIAA,5,3,general_contractor,fail,too few reviews; no website
ChIJlZjqHVTjOIgR5IIhgjUy3ZY,All Plumbing & Heating,hvac+plumbing,"500 Coover Rd, Delaware, OH 43015, USA",17.5,(740) 548-4087,,https://maps.google.com/?cid=10870900280940135140&g_mp=Cidnb29nbGUubWFwcy5wbGFjZXMudjEuUGxhY2VzLlNlYXJjaFRleHQQAhgEIAA,5,3,plumber,fail,too few reviews; no website
ChIJIdDQdVydOIgRM0CXX5FjXBM,Ohio State Air,hvac,"5957 Haughn Rd Ste A, Grove City, OH 43123, USA",17.6,(614) 200-5705,https://www.ohiostateair.com/,https://maps.google.com/?cid=1395099460603166771&g_mp=Cidnb29nbGUubWFwcy5wbGFjZXMudjEuUGxhY2VzLlNlYXJjaFRleHQQAhgEIAA,5,1,general_contractor,fail,too few reviews
ChIJI6Y60oJdOIgRC-EPaLbEW3s,Ranney Plumbing,plumbing,"6526 Kitzmiller Rd, New Albany, OH 43054, USA",17.6,(614) 855-7511,,https://maps.google.com/?cid=8888914577254768907&g_mp=Cidnb29nbGUubWFwcy5wbGFjZXMudjEuUGxhY2VzLlNlYXJjaFRleHQQAhgEIAA,0,0,plumber,fail,too few reviews; no website
ChIJeZVeYwCdOIgRtQ0bXCylGeA,Moores Mechanical,hvac,"6124 Seeds Rd # A, Grove City, OH 43123, USA",18.1,,,https://maps.google.com/?cid=16148119548856044981&g_mp=Cidnb29nbGUubWFwcy5wbGFjZXMudjEuUGxhY2VzLlNlYXJjaFRleHQQAhgEIAA,0,0,general_contractor,fail,too few reviews; no website
ChIJb2phuKdnOIgRYZUq4DMqOeI,Northland Refrigeration Sales,hvac,"4908 Babbitt Rd, New Albany, OH 43054, USA",18.1,(614) 855-2245,http://www.northlandrefrigeration.com/,https://maps.google.com/?cid=16301106728536806753&g_mp=Cidnb29nbGUubWFwcy5wbGFjZXMudjEuUGxhY2VzLlNlYXJjaFRleHQQAhgEIAA,4,21,point_of_interest,fail,not clearly HVAC/plumbing; category: point_of_interest
ChIJy6RZP7mdOIgREBfUD7hpI_s,S&S Contractors Plus,plumbing,"6129 Enterprise Pkwy # A, Grove City, OH 43123, USA",18.1,(614) 551-3462,,https://maps.google.com/?cid=18096423966965241616&g_mp=Cidnb29nbGUubWFwcy5wbGFjZXMudjEuUGxhY2VzLlNlYXJjaFRleHQQAhgEIAA,3,2,service,fail,too few reviews; low rating; no website; not clearly HVAC/plumbing
ChIJQ-YZsDJjOIgRz-z2lmCYci4,Ohio Water Heaters,plumbing,"6475 E Main St Ste 115, Reynoldsburg, OH 43068, USA",18.3,(614) 350-3297,https://www.ohiowaterheaters.com/service-areas/reynoldsburg-oh-water-heater-repair-installation/,https://maps.google.com/?cid=3346905013706747087&g_mp=Cidnb29nbGUubWFwcy5wbGFjZXMudjEuUGxhY2VzLlNlYXJjaFRleHQQAhgEIAA,4.9,44,plumber,fail,multi-location site
ChIJTf12bSidOIgRdM4R87Oey6M,Rawlins Home Improvement LLC,plumbing,"6264 Seeds Rd, Grove City, OH 43123, USA",18.4,(614) 419-7639,http://www.rawlinshomeimprovement.com/,https://maps.google.com/?cid=11802701744168881780&g_mp=Cidnb29nbGUubWFwcy5wbGFjZXMudjEuUGxhY2VzLlNlYXJjaFRleHQQAhgEIAA,5,19,service,fail,not clearly HVAC/plumbing
ChIJMzxjdcOPhisRMZWCPd1vLeM,Farmer Home Solutions - Handyman & Remodeling,plumbing,"510 Harness Pl, Marysville, OH 43040, USA",18.5,(614) 460-9564,https://www.farmerhs.com/,https://maps.google.com/?cid=16369863216572044593&g_mp=Cidnb29nbGUubWFwcy5wbGFjZXMudjEuUGxhY2VzLlNlYXJjaFRleHQQAhgEIAA,5,60,general_contractor,fail,not clearly HVAC/plumbing
ChIJK9lFu7CcOIgRxz_doEpsfA0,Everclean Aeration Services,plumbing,"6479 Seeds Rd, Grove City, OH 43123, USA",18.5,(614) 539-9934,http://www.evercleanaeration.com/,https://maps.google.com/?cid=971770687387418567&g_mp=Cidnb29nbGUubWFwcy5wbGFjZXMudjEuUGxhY2VzLlNlYXJjaFRleHQQAhgEIAA,3.4,20,service,fail,low rating; not clearly HVAC/plumbing
ChIJucnBxljhOIgRZM2NjuhIlLU,Done Right HVAC,hvac,"5008 Dildine Rd, Delaware, OH 43015, USA",18.6,(614) 403-6058,,https://maps.google.com/?cid=13084162981079403876&g_mp=Cidnb29nbGUubWFwcy5wbGFjZXMudjEuUGxhY2VzLlNlYXJjaFRleHQQAhgEIAA,5,2,general_contractor,fail,too few reviews; no website
ChIJRTGnLSeROIgRYukPMiBQo1I,Guzman General Remodeling,plumbing,"2151 London Groveport Rd, Grove City, OH 43123, USA",18.6,(614) 515-9570,,https://maps.google.com/?cid=5954691231523006818&g_mp=Cidnb29nbGUubWFwcy5wbGFjZXMudjEuUGxhY2VzLlNlYXJjaFRleHQQAhgEIAA,5,1,service,fail,too few reviews; no website; not clearly HVAC/plumbing
ChIJRaDEWUL8OIgR-QlLcylJD6s,Olszewski Plumbing,plumbing,"2163 Leonardsburg Rd, Delaware, OH 43015, USA",19.0,(740) 369-0601,,https://maps.google.com/?cid=12326151147513121273&g_mp=Cidnb29nbGUubWFwcy5wbGFjZXMudjEuUGxhY2VzLlNlYXJjaFRleHQQAhgEIAA,0,0,plumber,fail,too few reviews; no website
ChIJsRah3mXFOIgReW6E7nuXFlA,Dmh Plumbing Inc,plumbing,"18255 Cradler-Turner Rd, Marysville, OH 43040, USA",19.2,(937) 642-8859,,https://maps.google.com/?cid=5770966531060297337&g_mp=Cidnb29nbGUubWFwcy5wbGFjZXMudjEuUGxhY2VzLlNlYXJjaFRleHQQAhgEIAA,5,1,plumber,fail,too few reviews; no website
ChIJaVLuzt76OIgRkJyiQv5fLug,Dry Patrol,plumbing,"5201 U.S. Hwy 23 N, Delaware, OH 43015, USA",19.4,(740) 417-9006,https://www.drypatrolcolumbus.com/,https://maps.google.com/?cid=16730415211372256400&g_mp=Cidnb29nbGUubWFwcy5wbGFjZXMudjEuUGxhY2VzLlNlYXJjaFRleHQQAhgEIAA,4.7,221,general_contractor,fail,not clearly HVAC/plumbing
ChIJwz5LhxsePyQRd3zgdV4CN44,"Weeks Plumbing, Inc",plumbing,"20626 Barker Rd, Marysville, OH 43040, USA",20.1,(937) 642-7723,https://weeksplumbing.com/,https://maps.google.com/?cid=10247662081832680567&g_mp=Cidnb29nbGUubWFwcy5wbGFjZXMudjEuUGxhY2VzLlNlYXJjaFRleHQQAhgEIAA,4.8,25,plumber,fail,20.1 mi away
ChIJq6o2ffbPOIgRc2WLDdPC5w0,Handy Randy Contracting,plumbing,"19870 Barker Rd, Marysville, OH 43040, USA",20.2,(937) 893-0076,https://handyrandycontracting.com/,https://maps.google.com/?cid=1001983653834351987&g_mp=Cidnb29nbGUubWFwcy5wbGFjZXMudjEuUGxhY2VzLlNlYXJjaFRleHQQAhgEIAA,5,18,general_contractor,fail,20.2 mi away; not clearly HVAC/plumbing
ChIJvfUOXXRjOIgR5Zzh6kK07mA,J.D. Mechanical,hvac,"87 Front St #3, Groveport, OH 43125, USA",20.9,(614) 915-4247,http://jdmechhvac.com/,https://maps.google.com/?cid=6984718271599713509&g_mp=Cidnb29nbGUubWFwcy5wbGFjZXMudjEuUGxhY2VzLlNlYXJjaFRleHQQAhgEIAA,4.9,27,general_contractor,fail,20.9 mi away
ChIJ87TXB6XaOIgRC7Fh1K0bw8E,Clarridge Discount Septic LLC,plumbing,"20444 Raymond Rd, Marysville, OH 43040, USA",20.9,(937) 644-3191,http://clarridgesdiscountseptic.com/,https://maps.google.com/?cid=13962033703185133835&g_mp=Cidnb29nbGUubWFwcy5wbGFjZXMudjEuUGxhY2VzLlNlYXJjaFRleHQQAhgEIAA,4.7,12,service,fail,20.9 mi away; not clearly HVAC/plumbing
ChIJf_J7e0vbOIgRzPy8SJCX3KA,Printz Plumbing Heating & Cooling LLC,hvac+plumbing,"19536 Shirk Rd, Marysville, OH 43040, USA",21.2,(937) 642-9896,,https://maps.google.com/?cid=11591306186896243916&g_mp=Cidnb29nbGUubWFwcy5wbGFjZXMudjEuUGxhY2VzLlNlYXJjaFRleHQQAhgEIAA,4,4,plumber,fail,21.2 mi away; too few reviews; no website
ChIJW4vfbtRkOIgRGY2iMtF3QEE,Pickerington Heating & Cooling,hvac,"12928 Stonecreek Dr # B, Pickerington, OH 43147, USA",21.3,(614) 344-6885,https://www.pickheat.com/?utm_source=google&utm_medium=organic&utm_campaign=gbp-listing,https://maps.google.com/?cid=4701889751356181785&g_mp=Cidnb29nbGUubWFwcy5wbGFjZXMudjEuUGxhY2VzLlNlYXJjaFRleHQQAhgEIAA,4.9,3606,general_contractor,fail,21.3 mi away; likely too large
ChIJi2WKFozeOIgRkO26kz9R11g,Richwood Heating and Air Ltd,hvac,"25500 Kinney Pike, Richwood, OH 43344, USA",21.5,(740) 360-7080,http://www.richwoodheatingandair.com/,https://maps.google.com/?cid=6401674728833740176&g_mp=Cidnb29nbGUubWFwcy5wbGFjZXMudjEuUGxhY2VzLlNlYXJjaFRleHQQAhgEIAA,4.9,50,general_contractor,fail,21.5 mi away
ChIJIV5y8Fx7OIgRtU0QncTfcu4,Pickerington Plumbing & Drain,plumbing,"799 Windmiller Dr Ste 104, Pickerington, OH 43147, USA",22.1,(614) 350-1955,https://pickeringtonplumbingdrain.com/,https://maps.google.com/?cid=17182041563913538997&g_mp=Cidnb29nbGUubWFwcy5wbGFjZXMudjEuUGxhY2VzLlNlYXJjaFRleHQQAhgEIAA,4.7,180,plumber,fail,22.1 mi away
ChIJde8EUldlOIgRjxHvJfEnHHQ,Ohio Water Heaters,plumbing,"13799 Nantucket Ave, Pickerington, OH 43147, USA",22.7,(614) 714-6751,https://www.ohiowaterheaters.com/,https://maps.google.com/?cid=8366606124424565135&g_mp=Cidnb29nbGUubWFwcy5wbGFjZXMudjEuUGxhY2VzLlNlYXJjaFRleHQQAhgEIAA,4.8,424,plumber,fail,22.7 mi away
ChIJSbpr_AtVOIgRQCVnePjAOUA,Compton Drain and Plumbing Repair,plumbing,"679 Township Rd 224, Marengo, OH 43334, USA",22.8,(614) 370-5814,https://m.facebook.com/comptondrain/?ref=bookmarks,https://maps.google.com/?cid=4627942265504343360&g_mp=Cidnb29nbGUubWFwcy5wbGFjZXMudjEuUGxhY2VzLlNlYXJjaFRleHQQAhgEIAA,5,155,plumber,fail,22.8 mi away
ChIJn9vCzHZwOIgR7QkYKuYQ3OY,TG Plumbing Services,plumbing,"7830 Robinett Wy, Canal Winchester, OH 43110, USA",24.0,(614) 880-8888,https://tgplumbing.com/,https://maps.google.com/?cid=16635189704334510573&g_mp=Cidnb29nbGUubWFwcy5wbGFjZXMudjEuUGxhY2VzLlNlYXJjaFRleHQQAhgEIAA,5,21,plumber,fail,24.0 mi away
ChIJ8ZRltQ98OIgRZc3w3BmFn38,Canal Winchester Heating & Cooling,hvac,"8130 Howe Industrial Pkwy Ste A, Canal Winchester, OH 43110, USA",24.2,(614) 245-2487,https://cwheating.com/,https://maps.google.com/?cid=9196215310241287525&g_mp=Cidnb29nbGUubWFwcy5wbGFjZXMudjEuUGxhY2VzLlNlYXJjaFRleHQQAhgEIAA,4.8,402,general_contractor,fail,24.2 mi away
ChIJ6-FZvUxdOIgRgk6-B3rubdc,"Bryant Heating, Cooling, & Refrigeration",hvac,"88 Stonesthrow Dr, Alexandria, OH 43001, USA",24.6,(614) 855-9010,https://bryantheatingcooling.com/,https://maps.google.com/?cid=15523325698499300994&g_mp=Cidnb29nbGUubWFwcy5wbGFjZXMudjEuUGxhY2VzLlNlYXJjaFRleHQQAhgEIAA,4.3,65,general_contractor,fail,24.6 mi away
ChIJOQHo1sZPOIgRMq-15vOSF1U,A. Mann Plumbing LTD,plumbing,"3396 Columbus Rd, Centerburg, OH 43011, USA",24.6,(614) 858-3981,https://www.mannplumbing.com/,https://maps.google.com/?cid=6131530993933594418&g_mp=Cidnb29nbGUubWFwcy5wbGFjZXMudjEuUGxhY2VzLlNlYXJjaFRleHQQAhgEIAA,4.9,140,plumber,fail,24.6 mi away
ChIJ_a9hBhUeOYgRP3XWYb7K7_M,J & J Plumbing & HVAC,plumbing,"507 North St, Prospect, OH 43342, USA",24.6,(740) 225-4532,,https://maps.google.com/?cid=17577490789684376895&g_mp=Cidnb29nbGUubWFwcy5wbGFjZXMudjEuUGxhY2VzLlNlYXJjaFRleHQQAhgEIAA,4.2,17,plumber,fail,24.6 mi away; no website
ChIJv0jrcfp0OIgRT48dvUj3GCE,C R Strohmeyer Plumbing,plumbing,"4855 Stringtown Rd NW, Lancaster, OH 43130, USA",30.3,(740) 653-3333,http://www.crstrohmeyerplumbing.com/,https://maps.google.com/?cid=2384927894475214671&g_mp=Cidnb29nbGUubWFwcy5wbGFjZXMudjEuUGxhY2VzLlNlYXJjaFRleHQQAhgEIAA,4.8,36,store,fail,30.3 mi away; category: store
ChIJZZMaq31IP4gRiGWcI5OW5uo,Snyder's Heating & Cooling,hvac,"1231 OH-54, Urbana, OH 43078, USA",32.7,(937) 489-4644,https://www.snydersheating.com/?utm_source=google&utm_medium=organic&utm_term=gbp,https://maps.google.com/?cid=16926381808220398984&g_mp=Cidnb29nbGUubWFwcy5wbGFjZXMudjEuUGxhY2VzLlNlYXJjaFRleHQQAhgEIAA,4.9,203,general_contractor,fail,32.7 mi away
ChIJM9Z4FTkXOIgRDqwKm-t57N0,Paramount Heating & Air,hvac,"7788 Central College Road Suite C, New Albany, OH 43054, USA",34.1,(740) 860-4009,https://www.paramountair.net/?utm_source=google&utm_medium=organic&utm_campaign=gbp,https://maps.google.com/?cid=15991290429711232014&g_mp=Cidnb29nbGUubWFwcy5wbGFjZXMudjEuUGxhY2VzLlNlYXJjaFRleHQQAhgEIAA,4.9,61,general_contractor,fail,34.1 mi away
ChIJRy0tDjGTbgQRrHha5YDLUhA,Mr. FixAll Plumbing & Drainage Services,plumbing,"2034 Harding Hwy E, Marion, OH 43302, USA",34.6,(740) 265-2377,https://www.fixalloh.com/,https://maps.google.com/?cid=1176226207161284780&g_mp=Cidnb29nbGUubWFwcy5wbGFjZXMudjEuUGxhY2VzLlNlYXJjaFRleHQQAhgEIAA,4.9,526,plumber,fail,34.6 mi away
ChIJJ2XEyCzLOYgRnkMtl8qEFzA,Xtreme Air LLC,hvac,"506 Harcourt Rd, Mt Vernon, OH 43050, USA",37.6,(740) 403-1901,https://www.xtremeairllc.com/,https://maps.google.com/?cid=3465384443939472286&g_mp=Cidnb29nbGUubWFwcy5wbGFjZXMudjEuUGxhY2VzLlNlYXJjaFRleHQQAhgEIAA,5,16,general_contractor,fail,37.6 mi away
ChIJzQh3n-50-SURGkjbWRbmKXo,Drain Bros LLC,plumbing,"9050 Tarlton Rd SW, Stoutsville, OH 43154, USA",41.1,(740) 272-8386,https://drainbros.net/stoutsville-oh/,https://maps.google.com/?cid=8802819930343557146&g_mp=Cidnb29nbGUubWFwcy5wbGFjZXMudjEuUGxhY2VzLlNlYXJjaFRleHQQAhgEIAA,4.9,98,plumber,fail,41.1 mi away
ChIJ4x_HoYFszEQRkMwrFlCYDKg,Wharton HVAC LLC,hvac,"25597 Hopewell Rd, Gambier, OH 43022, USA",45.2,(740) 570-4822,http://www.whartonhvac.com/,https://maps.google.com/?cid=12109220967829195920&g_mp=Cidnb29nbGUubWFwcy5wbGFjZXMudjEuUGxhY2VzLlNlYXJjaFRleHQQAhgEIAA,5,89,general_contractor,fail,45.2 mi away
ChIJRUg-AW9-P4gRJi7K4vW1usM,"Logan Services A/C, Heat & Plumbing",hvac,"1200 Industrial Park Dr, Vandalia, OH 45377, USA",58.7,(937) 224-3200,https://www.logan-inc.com/?utm_source=google-my-business&utm_medium=organic&utm_campaign=dayton,https://maps.google.com/?cid=14103785250740645414&g_mp=Cidnb29nbGUubWFwcy5wbGFjZXMudjEuUGxhY2VzLlNlYXJjaFRleHQQAhgEIAA,4.8,5378,general_contractor,fail,58.7 mi away; likely too large
ChIJsfrWi76TPogRWhj6_obYxQY,The HVAC Guy,hvac,"4400 Hook-Waltz Rd E, Columbus Grove, OH 45830, USA",70.2,(419) 937-6964,http://www.thehvacguy.net/,https://maps.google.com/?cid=488034208954587226&g_mp=Cidnb29nbGUubWFwcy5wbGFjZXMudjEuUGxhY2VzLlNlYXJjaFRleHQQAhgEIAA,5,9,general_contractor,fail,70.2 mi away; too few reviews
ChIJ7cPf5JR5SIgRu4A6CUVoSz4,Residential Heating & Cooling LLC,hvac,"244 Pugh Rd, Albany, OH 45710, USA",80.7,(740) 594-7977,https://residentialheatingandcoolingofseohio.com/,https://maps.google.com/?cid=4488796099321692347&g_mp=Cidnb29nbGUubWFwcy5wbGFjZXMudjEuUGxhY2VzLlNlYXJjaFRleHQQAhgEIAA,5,12,general_contractor,fail,80.7 mi away
ChIJqSXZldoTXQMRI_zL2eXFIvM,Same Day Plumbing,plumbing,"124 Broadkill Rd, Milton, DE 19968, USA",425.8,(302) 858-8443,https://samedayplumbingllc.com/,https://maps.google.com/?cid=17519783091416857635&g_mp=Cidnb29nbGUubWFwcy5wbGFjZXMudjEuUGxhY2VzLlNlYXJjaFRleHQQAhgEIAA,4.9,541,plumber,fail,425.8 mi away
ChIJe9SXrFxThVQRUfqOr--mEog,Apollo Plumbing and Rooter Marysville,plumbing,"1239 State Ave, Marysville, WA 98270, USA",1991.8,(360) 651-1010,https://www.apolloplumbing.net/service-areas/professional-marysville-plumbing-services/?utm_source=GBP&utm_medium=organic&utm_campaign=marysville,https://maps.google.com/?cid=9805082887111768657&g_mp=Cidnb29nbGUubWFwcy5wbGFjZXMudjEuUGxhY2VzLlNlYXJjaFRleHQQAhgEIAA,4.7,636,plumber,fail,1991.8 mi away; multi-location site
ChIJs2Fz1gZRhVQRDnNVCZd9BZw,"Dapper Plumbing, Heating, and Electrical",plumbing,"1518 172nd St NE, Marysville, WA 98271, USA",1993.5,(360) 358-5754,https://dapperplumbing.com/,https://maps.google.com/?cid=11242530132450439950&g_mp=Cidnb29nbGUubWFwcy5wbGFjZXMudjEuUGxhY2VzLlNlYXJjaFRleHQQAhgEIAA,4.8,641,plumber,fail,1993.5 mi away
